PassengerId,Survived,Pclass,Name,Age,SibSp,Parch,Ticket,Fare,Cabin,Sex_male,Embarked_Q,Embarked_S
1,0,2,"Braund, Mr. Owen Harris",-0.5657364610748746,1,0,A/5 21171,-0.5024451714361923,,1.0,0.0,1.0
2,1,0,"Cumings, Mrs. John Bradley (Florence Briggs Thayer)",0.6638610320657843,1,0,PC 17599,0.7868452935884461,C85,0.0,0.0,0.0
3,1,2,"Heikkinen, Miss. Laina",-0.2583370877897099,0,0,STON/O2. 3101282,-0.4888542575852486,,0.0,0.0,1.0
4,1,0,"Futrelle, Mrs. Jacques Heath (Lily May Peel)",0.4333115021019107,1,0,113803,0.4207302360686478,C123,0.0,0.0,1.0
5,0,2,"Allen, Mr. William Henry",0.4333115021019107,0,0,373450,-0.4863374216869257,,1.0,0.0,1.0
6,0,2,"Moran, Mr. James",-0.10463740114712752,0,0,330877,-0.47811642890864375,,1.0,1.0,0.0
7,0,0,"McCarthy, Mr. Timothy J",1.893458525206443,0,0,17463,0.395813560675251,E46,1.0,0.0,1.0
8,0,2,"Palsson, Master. Gosta Leonard",-2.1027333275006983,3,1,349909,-0.22408312108167944,,1.0,0.0,1.0
9,1,2,"Johnson, Mrs. Oscar W (Elisabeth Vilhelmina Berg)",-0.1814872444684187,0,2,347742,-0.4242561406845337,,0.0,0.0,1.0
10,1,1,"Nasser, Mrs. Nicholas (Adele Achem)",-1.180535207645204,1,0,237736,-0.04295550208861426,,0.0,0.0,0.0
11,1,2,"Sandstrom, Miss. Marguerite Rut",-1.949033640858116,1,1,PP 9549,-0.312172377522981,G6,0.0,0.0,1.0
12,1,0,"Bonnell, Miss. Elizabeth",2.200857898491608,0,0,113783,-0.11384570873513637,C103,0.0,0.0,1.0
13,0,2,"Saundercock, Mr. William Henry",-0.719436147717457,0,0,A/5. 2151,-0.4863374216869257,,1.0,0.0,1.0
14,0,2,"Andersson, Mr. Anders Johan",0.7407108753870755,1,5,347082,-0.01870931177853076,,1.0,0.0,1.0
15,0,2,"Vestrom, Miss. Hulda Amanda Adolfina",-1.180535207645204,0,0,350406,-0.4902797934380587,,0.0,0.0,1.0
16,1,1,"Hewlett, Mrs. (Mary D Kingcome) ",1.9703083685277343,0,0,248706,-0.3262666585535892,,0.0,0.0,1.0
17,0,2,"Rice, Master. Eugene",-2.1027333275006983,4,1,382652,-0.06199888922968463,,1.0,1.0,0.0
18,1,1,"Williams, Mr. Charles Eugene",-0.10463740114712752,0,0,244373,-0.3866707201133388,,1.0,0.0,1.0
19,0,2,"Vander Planke, Mrs. Julius (Emelia Maria Vandemoortele)",0.12591212881674602,1,0,345763,-0.2859972841804228,,0.0,0.0,1.0
20,1,2,"Masselmani, Mrs. Fatima",-0.10463740114712752,0,0,2649,-0.5029485386158568,,0.0,0.0,0.0
21,0,1,"Fynney, Mr. Joseph J",0.4333115021019107,0,0,239865,-0.12491978668775715,,1.0,0.0,1.0
22,1,1,"Beesley, Mr. Lawrence",0.35646165878061953,0,0,248698,-0.3866707201133388,D56,1.0,0.0,1.0
23,1,2,"McGowan, Miss. Anna ""Annie""",-1.1036853643239128,0,0,330923,-0.4867562231804066,,0.0,1.0,0.0
24,1,0,"Sloper, Mr. William Thompson",-0.10463740114712752,0,0,113788,0.06635974158478332,A6,1.0,0.0,1.0
25,0,2,"Palsson, Miss. Torborg Danira",-1.6416342675729512,3,1,349909,-0.22408312108167944,,0.0,0.0,1.0
26,1,2,"Asplund, Mrs. Carl Oscar (Selma Augusta Emilia Johansson)",0.6638610320657843,1,5,347077,-0.016444159470040135,,0.0,0.0,1.0
27,0,2,"Emir, Mr. Farred Chehab",-0.10463740114712752,0,0,2631,-0.5029485386158568,,1.0,0.0,0.0
28,0,0,"Fortune, Mr. Charles Alexander",-0.7962859910387481,3,2,19950,4.647001076532463,C23 C25 C27,1.0,0.0,1.0
29,1,2,"O'Dwyer, Miss. Ellen ""Nellie""",-0.10463740114712752,0,0,330959,-0.48977642625839407,,0.0,1.0,0.0
30,0,2,"Todoroff, Mr. Lalio",-0.10463740114712752,0,0,349216,-0.4894421904510968,,1.0,0.0,1.0
31,0,0,"Uruchurtu, Don. Manuel E",0.8175607187083667,0,0,PC 17601,-0.09027201697708476,,1.0,0.0,0.0
32,1,0,"Spencer, Mrs. William Augustus (Marie Eugenie)",-0.10463740114712752,1,0,PC 17569,2.301728820789,B78,0.0,0.0,0.0
33,1,2,"Glynn, Miss. Mary Agatha",-0.10463740114712752,0,0,335677,-0.49237782784290063,,0.0,1.0,0.0
34,0,1,"Wheadon, Mr. Edward H",2.8156566450619374,0,0,C.A. 24579,-0.43700743807979686,,1.0,0.0,1.0
35,0,0,"Meyer, Mr. Edgar Joseph",-0.10463740114712752,1,0,PC 17604,1.0060617003323709,,1.0,0.0,0.0
36,0,0,"Holverson, Mr. Alexander Oskar",0.9712604053509489,1,0,113789,0.39858208016340624,,1.0,0.0,1.0
37,1,2,"Mamee, Mr. Hanna",-0.10463740114712752,0,0,2677,-0.5028639729296732,,1.0,0.0,0.0
38,0,2,"Cann, Mr. Ernest Charles",-0.6425863043961658,0,0,A./5. 2152,-0.4863374216869257,,1.0,0.0,1.0
39,0,2,"Vander Planke, Miss. Augusta Maria",-0.8731358343600393,2,0,345764,-0.2859972841804228,,0.0,0.0,1.0
40,1,2,"Nicola-Yarred, Miss. Jamila",-1.180535207645204,1,0,2651,-0.42207354059350805,,0.0,0.0,0.0
41,0,2,"Ahlin, Mrs. Johan (Johanna Persdotter Larsson)",0.8175607187083667,1,0,7546,-0.4576454924460446,,0.0,0.0,1.0
42,0,1,"Turpin, Mrs. William John Robert (Dorothy Ann Wonnacott)",-0.1814872444684187,1,0,11668,-0.22559322262067316,,0.0,0.0,1.0
43,0,2,"Kraeff, Mr. Theodor",-0.10463740114712752,0,0,349253,-0.4894421904510968,,1.0,0.0,0.0
44,1,1,"Laroche, Miss. Simonne Marie Anne Andree",-2.025883484179407,1,2,SC/Paris 2123,0.18876253192945994,,0.0,0.0,0.0
45,1,2,"Devaney, Miss. Margaret Delia",-0.7962859910387481,0,0,330958,-0.48977642625839407,,0.0,1.0,0.0
46,0,2,"Rogers, Mr. William John",-0.10463740114712752,0,0,S.C./A.4. 23567,-0.4863374216869257,,1.0,0.0,1.0
47,0,2,"Lennon, Mr. Denis",-0.10463740114712752,1,0,370371,-0.3363340021468808,,1.0,1.0,0.0
48,1,2,"O'Driscoll, Miss. Bridget",-0.10463740114712752,0,0,14311,-0.49237782784290063,,0.0,1.0,0.0
49,0,2,"Samaan, Mr. Youssef",-0.10463740114712752,2,0,2662,-0.21191774308354583,,1.0,0.0,0.0
50,0,2,"Arnold-Franchi, Mrs. Josef (Josefine Franchi)",-0.8731358343600393,1,0,349237,-0.29002422161773944,,0.0,0.0,1.0
51,0,2,"Panula, Master. Juha Niilo",-1.7184841108942424,4,1,3101295,0.1506737441786005,,1.0,0.0,1.0
52,0,2,"Nosworthy, Mr. Richard Cater",-0.6425863043961658,0,0,A/4. 39886,-0.4913710934835715,,1.0,0.0,1.0
53,1,0,"Harper, Mrs. Henry Sleeper (Myna Haxtun)",1.5092093085999871,1,0,PC 17572,0.8964967865378598,D33,0.0,0.0,0.0
54,1,1,"Faunthorpe, Mrs. Lizzie (Elizabeth Anne Wilkinson)",-0.027787557825836348,1,0,2926,-0.12491978668775715,,0.0,0.0,1.0
55,0,0,"Ostby, Mr. Engelhart Cornelius",2.738806801740646,0,1,113509,0.5995101505357573,B30,1.0,0.0,0.0
56,1,0,"Woolner, Mr. Hugh",-0.10463740114712752,0,0,19947,0.06635974158478332,C52,1.0,0.0,1.0
57,1,1,"Rugg, Miss. Emily",-0.6425863043961658,0,0,C.A. 31026,-0.43700743807979686,,0.0,0.0,1.0
58,0,2,"Novel, Mr. Mansouer",-0.06621247948648194,0,0,2697,-0.5028639729296732,,1.0,0.0,0.0
59,1,1,"West, Miss. Constance Mirium",-1.8721837975368247,1,2,C.A. 34651,-0.08968408411123653,,0.0,0.0,1.0
60,0,2,"Goodwin, Master. William Frederick",-1.4110847376090776,5,2,CA 2144,0.2958951755118318,,1.0,0.0,1.0
61,0,2,"Sirayanian, Mr. Orsen",-0.5657364610748746,0,0,2669,-0.5028639729296732,,1.0,0.0,0.0
62,1,0,"Icard, Miss. Amelie",0.6638610320657843,0,0,113572,0.962353321387736,B28,0.0,0.0,1.0
63,0,0,"Harris, Mr. Henry Birkhardt",1.2018099353148226,1,0,36973,1.0323213593611125,C83,1.0,0.0,1.0
64,0,2,"Skoog, Master. Harald",-1.949033640858116,3,2,347088,-0.08666388103324908,,1.0,0.0,1.0
65,0,0,"Stewart, Mr. Albert A",-0.10463740114712752,0,0,PC 17605,-0.09027201697708476,,1.0,0.0,0.0
66,1,2,"Moubarek, Master. Gerios",-0.10463740114712752,1,1,2661,-0.3414522396297103,,1.0,0.0,0.0
67,1,1,"Nye, Mrs. (Elizabeth Ramell)",-0.027787557825836348,0,0,C.A. 29395,-0.43700743807979686,F33,0.0,0.0,1.0
68,0,2,"Crease, Mr. Ernest James",-0.7962859910387481,0,0,S.P. 3464,-0.4841568350646187,,1.0,0.0,1.0
69,1,2,"Andersson, Miss. Erna Alexandra",-0.9499856776813305,4,2,3101281,-0.4888542575852486,,0.0,0.0,1.0
70,0,2,"Kink, Mr. Vincenz",-0.2583370877897099,2,0,315151,-0.47400492578514347,,1.0,0.0,1.0
71,0,1,"Jenkin, Mr. Stephen Curnow",0.20276197213803718,0,0,C.A. 33111,-0.43700743807979686,,1.0,0.0,1.0
72,0,2,"Goodwin, Miss. Lillian Amy",-1.0268355210026217,5,2,CA 2144,0.2958951755118318,,0.0,0.0,1.0
73,0,1,"Hood, Mr. Ambrose Jr",-0.6425863043961658,0,0,S.O.C. 14879,0.8314778546749452,,1.0,0.0,1.0
74,0,2,"Chronopoulos, Mr. Apostolos",-0.2583370877897099,1,0,2680,-0.3573908580066095,,1.0,0.0,0.0
75,1,2,"Bing, Mr. Lee",0.20276197213803718,0,0,1601,0.48910360681684706,,1.0,0.0,1.0
76,0,2,"Moen, Mr. Sigurd Hansen",-0.33518693111100106,0,0,348123,-0.494391296561559,F G73,1.0,0.0,1.0
77,0,2,"Staneff, Mr. Ivan",-0.10463740114712752,0,0,349208,-0.4894421904510968,,1.0,0.0,1.0
78,0,2,"Moutal, Mr. Rahamin Haim",-0.10463740114712752,0,0,374746,-0.4863374216869257,,1.0,0.0,1.0
79,1,1,"Caldwell, Master. Alden Gates",-2.192647644186609,0,2,248738,-0.06451572512800753,,1.0,0.0,1.0
80,1,2,"Dowdell, Miss. Elizabeth",0.04906228549545483,0,0,364516,-0.397241430886295,,0.0,0.0,1.0
81,0,2,"Waelens, Mr. Achille",-0.5657364610748746,0,0,345767,-0.46720946885967163,,1.0,0.0,1.0
82,1,2,"Sheerlinck, Mr. Jan Baptist",-0.027787557825836348,0,0,345779,-0.45714212526638004,,1.0,0.0,1.0
83,1,2,"McDermott, Miss. Brigdet Delia",-0.10463740114712752,0,0,330932,-0.49162277707340374,,0.0,1.0,0.0
84,0,0,"Carrau, Mr. Francisco M",-0.10463740114712752,0,0,113059,0.29992211294914856,,1.0,0.0,1.0
85,1,1,"Ilett, Miss. Bertha",-0.9499856776813305,0,0,SO/C 14885,-0.43700743807979686,,0.0,0.0,1.0
86,1,2,"Backstrom, Mrs. Karl Alfred (Maria Mathilda Gustafsson)",0.27961181545932834,3,0,3101278,-0.32928686163157667,,0.0,0.0,1.0
87,0,2,"Ford, Mr. William Neal",-1.0268355210026217,1,3,W./C. 6608,0.04370821849987721,,1.0,0.0,1.0
88,0,2,"Slocovski, Mr. Selman Francis",-0.10463740114712752,0,0,SOTON/OQ 392086,-0.4863374216869257,,1.0,0.0,1.0
89,1,0,"Fortune, Miss. Mabel Helen",-0.48888661775358344,3,2,19950,4.647001076532463,C23 C25 C27,0.0,0.0,1.0
90,0,2,"Celotti, Mr. Francesco",-0.41203677443229225,0,0,343275,-0.4863374216869257,,1.0,0.0,1.0
91,0,2,"Christmann, Mr. Emil",-0.027787557825836348,0,0,343276,-0.4863374216869257,,1.0,0.0,1.0
92,0,2,"Andreasson, Mr. Paul Edvin",-0.719436147717457,0,0,347466,-0.4902797934380587,,1.0,0.0,1.0
93,0,0,"Chaffee, Mr. Herbert Fuller",1.2786597786361138,1,0,W.E.P. 5734,0.5833178351003071,E31,1.0,0.0,1.0
94,0,2,"Dean, Mr. Bertram Frank",-0.2583370877897099,1,2,C.A. 2315,-0.23415046467497105,,1.0,0.0,1.0
95,0,2,"Coxon, Mr. Daniel",2.277707741812899,0,0,364500,-0.5024451714361923,,1.0,0.0,1.0
96,0,2,"Shorney, Mr. Charles Joseph",-0.10463740114712752,0,0,374910,-0.4863374216869257,,1.0,0.0,1.0
97,0,0,"Goldschmidt, Mr. George B",3.1999058616683933,0,0,PC 17754,0.0493298231623713,A5,1.0,0.0,0.0
98,1,0,"Greenfield, Mr. William Bertram",-0.48888661775358344,0,1,PC 17759,0.6272778976347743,D10 D12,1.0,0.0,0.0
99,1,1,"Doling, Mrs. John T (Ada Julia Bone)",0.35646165878061953,0,1,231919,-0.18532384824750675,,0.0,0.0,1.0
100,0,1,"Kantor, Mr. Sinai",0.35646165878061953,1,0,244367,-0.12491978668775715,,1.0,0.0,1.0
101,0,2,"Petranec, Miss. Matilda",-0.10463740114712752,0,0,349245,-0.4894421904510968,,0.0,0.0,1.0
102,0,2,"Petroff, Mr. Pastcho (""Pentcho"")",-0.10463740114712752,0,0,349215,-0.4894421904510968,,1.0,0.0,1.0
103,0,0,"White, Mr. Richard Frasar",-0.6425863043961658,0,1,35281,0.907737982394129,D26,1.0,0.0,1.0
104,0,2,"Johansson, Mr. Gustaf Joel",0.27961181545932834,0,0,7540,-0.4741720436887921,,1.0,0.0,1.0
105,0,2,"Gustafsson, Mr. Anders Vilhelm",0.5870111887444931,2,0,3101276,-0.4888542575852486,,1.0,0.0,1.0
106,0,2,"Mionoff, Mr. Stoytcho",-0.10463740114712752,0,0,349207,-0.4894421904510968,,1.0,0.0,1.0
107,1,2,"Salkjelsvik, Miss. Anna Kristine",-0.6425863043961658,0,0,343120,-0.494391296561559,,0.0,0.0,1.0
108,1,2,"Moss, Mr. Albert Johan",-0.10463740114712752,0,0,312991,-0.4918744606632361,,1.0,0.0,1.0
109,0,2,"Rekic, Mr. Tido",0.6638610320657843,0,0,349249,-0.4894421904510968,,1.0,0.0,1.0
110,1,2,"Moran, Miss. Bertha",-0.10463740114712752,1,0,371110,-0.1621689579829361,,0.0,1.0,0.0
111,0,0,"Porter, Mr. Walter Chamberlain",1.3555096219574048,0,0,110465,0.39858208016340624,C110,1.0,0.0,1.0
112,0,2,"Zabour, Miss. Hileni",-1.1421102859845584,1,0,2665,-0.3573908580066095,,0.0,0.0,0.0
113,0,2,"Barton, Mr. David John",-0.5657364610748746,0,0,324669,-0.4863374216869257,,1.0,0.0,1.0
114,0,2,"Jussila, Miss. Katriina",-0.719436147717457,1,0,4136,-0.4505983519307405,,0.0,0.0,1.0
115,0,2,"Attalah, Miss. Malake",-0.9499856776813305,0,0,2627,-0.3573083057891445,,0.0,0.0,0.0
116,0,2,"Pekoniemi, Mr. Edvard",-0.6425863043961658,0,0,STON/O 2. 3101294,-0.4888542575852486,,1.0,0.0,1.0
117,0,2,"Connors, Mr. Patrick",3.1614809400077477,0,0,370369,-0.49237782784290063,,1.0,1.0,0.0
118,0,1,"Turpin, Mr. William John Robert",-0.027787557825836348,1,0,11668,-0.22559322262067316,,1.0,0.0,1.0
119,0,0,"Baxter, Mr. Quigg Edmond",-0.41203677443229225,0,1,PC 17558,4.335332226633905,B58 B60,1.0,0.0,0.0
120,0,2,"Andersson, Miss. Ellis Anna Maria",-2.1027333275006983,4,2,347082,-0.01870931177853076,,0.0,0.0,1.0
121,0,1,"Hickman, Mr. Stanley George",-0.6425863043961658,2,0,S.O.C. 14879,0.8314778546749452,,1.0,0.0,1.0
122,0,2,"Moore, Mr. Leonard Charles",-0.10463740114712752,0,0,A4. 54510,-0.4863374216869257,,1.0,0.0,1.0
123,0,1,"Nasser, Mr. Nicholas",0.24118689379868277,1,0,237736,-0.04295550208861426,,1.0,0.0,0.0
124,1,1,"Webber, Miss. Susan",0.24118689379868277,0,0,27267,-0.3866707201133388,E101,0.0,0.0,1.0
125,0,0,"White, Mr. Percival Wayland",1.893458525206443,0,1,35281,0.907737982394129,D26,1.0,0.0,1.0
126,1,2,"Nicola-Yarred, Master. Elias",-1.3342348942877864,1,0,2651,-0.42207354059350805,,1.0,0.0,0.0
127,0,2,"McMahon, Mr. Martin",-0.10463740114712752,0,0,370372,-0.49237782784290063,,1.0,1.0,0.0
128,1,2,"Madsen, Mr. Fridtjof Arne",-0.41203677443229225,0,0,C 17369,-0.5046257580584992,,1.0,0.0,1.0
129,1,2,"Peter, Miss. Anna",-0.10463740114712752,1,1,2668,-0.19824427701513722,F E69,0.0,0.0,0.0
130,0,2,"Ekstrom, Mr. Johan",1.2018099353148226,0,0,347061,-0.5079822104125026,,1.0,0.0,1.0
131,0,2,"Drazenoic, Mr. Jozef",0.27961181545932834,0,0,349241,-0.4894421904510968,,1.0,0.0,0.0
132,0,2,"Coelho, Mr. Domingos Fernandeo",-0.719436147717457,0,0,SOTON/O.Q. 3101307,-0.5064721088735089,,1.0,0.0,1.0
133,0,2,"Robins, Mrs. Alexander A (Grace Charity Laury)",1.3555096219574048,1,0,A/5. 3337,-0.35646868933346404,,0.0,0.0,1.0
134,1,1,"Weisz, Mrs. Leopold (Mathilde Francoise Pede)",-0.027787557825836348,1,0,228414,-0.12491978668775715,,0.0,0.0,1.0
135,0,1,"Sobey, Mr. Samuel James Hayden",-0.33518693111100106,0,0,C.A. 29178,-0.3866707201133388,,1.0,0.0,1.0
136,0,1,"Richard, Mr. Emile",-0.48888661775358344,0,0,SC/PARIS 2133,-0.3454791770670269,,1.0,0.0,0.0
137,1,0,"Newsom, Miss. Helen Monypeny",-0.7962859910387481,0,2,11752,-0.11921562980779811,D47,0.0,0.0,1.0
138,0,0,"Futrelle, Mr. Jacques Heath",0.5870111887444931,1,0,113803,0.4207302360686478,C123,1.0,0.0,1.0
139,0,2,"Osen, Mr. Olaf Elon",-1.0268355210026217,0,0,7534,-0.4628462821463391,,1.0,0.0,1.0
140,0,0,"Giglio, Mr. Victor",-0.41203677443229225,0,0,PC 17593,0.9462455716384695,B86,1.0,0.0,0.0
141,0,2,"Boulos, Mrs. Joseph (Sultana)",-0.10463740114712752,0,2,2678,-0.3414522396297103,,0.0,0.0,0.0
142,1,2,"Nysten, Miss. Anna Sofia",-0.5657364610748746,0,0,347081,-0.49237782784290063,,0.0,0.0,1.0
143,1,2,"Hakkarainen, Mrs. Pekka Pietari (Elin Matilda Dolck)",-0.41203677443229225,1,0,STON/O2. 3101279,-0.32928686163157667,,0.0,0.0,1.0
144,0,2,"Burke, Mr. Jeremiah",-0.7962859910387481,0,0,365222,-0.5125125150294839,,1.0,1.0,0.0
145,0,1,"Andrew, Mr. Edgardo Samuel",-0.8731358343600393,0,0,231945,-0.41687275089321363,,1.0,0.0,1.0
146,0,1,"Nicholls, Mr. Joseph Charles",-0.7962859910387481,1,1,C.A. 33112,0.09152810056801232,,1.0,0.0,1.0
147,1,2,"Andersson, Mr. August Edvard (""Wennerstrom"")",-0.1814872444684187,0,0,350043,-0.49145565916975514,,1.0,0.0,1.0
148,0,2,"Ford, Miss. Robina Maggie ""Ruby""",-1.56478442425166,2,2,W./C. 6608,0.04370821849987721,,0.0,0.0,1.0
149,0,1,"Navratil, Mr. Michel (""Louis M Hoffman"")",0.5485862670838475,0,2,230080,-0.12491978668775715,F2,1.0,0.0,1.0
150,0,1,"Byles, Rev. Thomas Roussel Davids",0.9712604053509489,0,0,244310,-0.3866707201133388,,1.0,0.0,1.0
151,0,1,"Bateman, Rev. Robert James",1.6629089952425695,0,0,S.O.P. 1166,-0.39623469652696586,,1.0,0.0,1.0
152,1,0,"Pears, Mrs. Thomas (Edith Wearne)",-0.5657364610748746,1,0,113776,0.6925485130875209,C2,0.0,0.0,1.0
153,0,2,"Meo, Mr. Alfonzo",2.00873329018838,0,0,A.5. 11206,-0.4863374216869257,,1.0,0.0,1.0
154,0,2,"van Billiard, Mr. Austin Blyler",0.8559856403690123,0,2,A/5. 851,-0.35646868933346404,,1.0,0.0,1.0
155,0,2,"Olsen, Mr. Ole Martin",-0.10463740114712752,0,0,Fa 265302,-0.5011867534870308,,1.0,0.0,1.0
156,0,0,"Williams, Mr. Charles Duane",1.6629089952425695,0,1,PC 17597,0.5874293382238074,,1.0,0.0,0.0
157,1,2,"Gilnagh, Miss. Katherine ""Katie""",-1.0268355210026217,0,0,35851,-0.49271407711891657,,0.0,1.0,0.0
158,0,2,"Corn, Mr. Harry",0.04906228549545483,0,0,SOTON/OQ 392090,-0.4863374216869257,,1.0,0.0,1.0
159,0,2,"Smiljanic, Mr. Mile",-0.10463740114712752,0,0,315037,-0.47400492578514347,,1.0,0.0,1.0
160,0,2,"Sage, Master. Thomas Henry",-0.10463740114712752,8,2,CA. 2343,0.7519458402879414,,1.0,0.0,1.0
161,0,2,"Cribb, Mr. John Hatfield",1.1249600919935314,0,1,371362,-0.32425318983493084,,1.0,0.0,1.0
162,1,1,"Watt, Mrs. James (Elizabeth ""Bessie"" Inglis Milne)",0.8175607187083667,0,0,C.A. 33595,-0.331300330350235,,0.0,0.0,1.0
163,0,2,"Bengtsson, Mr. John Viktor",-0.2583370877897099,0,0,347068,-0.4918744606632361,,1.0,0.0,1.0
164,0,2,"Calic, Mr. Jovo",-0.9499856776813305,0,0,315093,-0.47400492578514347,,1.0,0.0,1.0
165,0,2,"Panula, Master. Eino Viljami",-2.1795831708219895,4,1,3101295,0.1506737441786005,,1.0,0.0,1.0
166,1,2,"Goldsmith, Master. Frank John William ""Frankie""",-1.56478442425166,0,2,363291,-0.2351571990343002,,1.0,0.0,1.0
167,1,0,"Chibnall, Mrs. (Edith Martha Bowerman)",-0.10463740114712752,0,1,113505,0.4589861417231558,E33,0.0,0.0,1.0
168,0,2,"Skoog, Mrs. William (Anna Bernhardina Karlsson)",1.2018099353148226,1,4,347088,-0.08666388103324908,,0.0,0.0,1.0
169,0,0,"Baumann, Mr. John D",-0.10463740114712752,0,0,PC 17318,-0.12642988822675086,,1.0,0.0,1.0
170,0,2,"Ling, Mr. Lee",-0.10463740114712752,0,0,1601,0.48910360681684706,,1.0,0.0,1.0
171,0,0,"Van der hoef, Mr. Wyckoff",2.4314074284554814,0,0,111240,0.026090367211616904,B19,1.0,0.0,1.0
172,0,2,"Rice, Master. Arthur",-1.949033640858116,4,1,382652,-0.06199888922968463,,1.0,1.0,0.0
173,1,2,"Johnson, Miss. Eleanor Ileen",-2.1795831708219895,1,1,347742,-0.4242561406845337,,0.0,0.0,1.0
174,0,2,"Sivola, Mr. Antti Wilhelm",-0.6425863043961658,0,0,STON/O 2. 3101280,-0.4888542575852486,,1.0,0.0,1.0
175,0,0,"Smith, Mr. James Clinch",2.0471582118490255,0,0,17764,-0.030371322596999754,A7,1.0,0.0,0.0
176,0,2,"Klasen, Mr. Klas Albin",-0.8731358343600393,1,1,350404,-0.4902797934380587,,1.0,0.0,1.0
177,0,2,"Lefebre, Master. Henry Forbes",-0.10463740114712752,3,1,4133,-0.13565761536436197,,1.0,0.0,1.0
178,0,0,"Isham, Miss. Ann Elizabeth",1.5860591519212783,0,0,PC 17595,-0.07030444769415023,C49,0.0,0.0,0.0
179,0,1,"Hale, Mr. Reginald",0.04906228549545483,0,0,250653,-0.3866707201133388,,1.0,0.0,1.0
180,0,2,"Leonard, Mr. Lionel",0.5101613454232019,0,0,LINE,-0.6484216535389205,,1.0,0.0,1.0
181,0,2,"Sage, Miss. Constance Gladys",-0.10463740114712752,8,2,CA. 2343,0.7519458402879414,,0.0,0.0,1.0
182,0,1,"Pernot, Mr. Rene",-0.10463740114712752,0,0,SC/PARIS 2131,-0.34539461138084326,,1.0,0.0,0.0
183,0,2,"Asplund, Master. Clarence Gustaf Hugo",-1.56478442425166,4,2,347077,-0.016444159470040135,,1.0,0.0,1.0
184,1,1,"Becker, Master. Richard F",-2.1795831708219895,2,1,230136,0.13683114673782454,F4,1.0,0.0,1.0
185,1,2,"Kink-Heilmann, Miss. Luise Gretchen",-1.949033640858116,0,2,315153,-0.20495516825442542,,0.0,0.0,1.0
186,0,0,"Rood, Mr. Hugh Roscoe",-0.10463740114712752,0,0,113767,0.3583127057902398,A32,1.0,0.0,1.0
187,1,2,"O'Brien, Mrs. Thomas (Johanna ""Hannah"" Godfrey)",-0.10463740114712752,1,0,370365,-0.3363340021468808,,0.0,1.0,0.0
188,1,0,"Romaine, Mr. Charles Hallace (""Mr C Rolmane"")",1.2018099353148226,0,0,111428,-0.11384570873513637,,1.0,0.0,1.0
189,0,2,"Bourke, Mr. John",0.8175607187083667,1,1,364849,-0.3363340021468808,,1.0,1.0,0.0
190,0,2,"Turcin, Mr. Stjepan",0.5101613454232019,0,0,349247,-0.4894421904510968,,1.0,0.0,1.0
191,1,1,"Pinsky, Mrs. (Rosa)",0.20276197213803718,0,0,234604,-0.3866707201133388,,0.0,0.0,1.0
192,0,1,"Carbines, Mr. William",-0.7962859910387481,0,0,28424,-0.3866707201133388,,1.0,0.0,1.0
193,1,2,"Andersen-Jensen, Miss. Carla Christine Nielsine",-0.7962859910387481,1,0,350046,-0.4902797934380587,,0.0,0.0,1.0
194,1,1,"Navratil, Master. Michel M",-2.025883484179407,1,1,230080,-0.12491978668775715,F2,1.0,0.0,1.0
195,1,0,"Brown, Mrs. James Joseph (Margaret Tobin)",1.1249600919935314,0,0,PC 17610,-0.09027201697708476,B4,0.0,0.0,0.0
196,1,0,"Lurette, Miss. Elise",2.200857898491608,0,0,PC 17569,2.301728820789,B80,0.0,0.0,0.0
197,0,2,"Mernagh, Mr. Robert",-0.10463740114712752,0,0,368703,-0.49237782784290063,,1.0,1.0,0.0
198,0,2,"Olsen, Mr. Karl Siegwart Andreas",0.9712604053509489,0,1,4579,-0.47920571548543794,,1.0,0.0,1.0
199,1,2,"Madigan, Miss. Margaret ""Maggie""",-0.10463740114712752,0,0,370370,-0.49237782784290063,,0.0,1.0,0.0
200,0,1,"Yrois, Miss. Henriette (""Mrs Harbeck"")",-0.41203677443229225,0,0,248747,-0.3866707201133388,,0.0,0.0,1.0
201,0,2,"Vande Walle, Mr. Nestor Cyriel",-0.10463740114712752,0,0,345770,-0.45714212526638004,,1.0,0.0,1.0
202,0,2,"Sage, Mr. Frederick",-0.10463740114712752,8,2,CA. 2343,0.7519458402879414,,1.0,0.0,1.0
203,0,2,"Johanson, Mr. Jakob Alfred",0.35646165878061953,0,0,3101264,-0.5176307525123133,,1.0,0.0,1.0
204,0,2,"Youseff, Mr. Gerious",1.2402348569754682,0,0,2628,-0.5029485386158568,,1.0,0.0,0.0
205,1,2,"Cohen, Mr. Gurshon ""Gus""",-0.8731358343600393,0,0,A/5 3540,-0.4863374216869257,,1.0,0.0,1.0
206,0,2,"Strom, Miss. Telma Matilda",-2.1027333275006983,0,1,347054,-0.43776248884929375,G6,0.0,0.0,1.0
207,0,2,"Backstrom, Mr. Karl Alfred",0.20276197213803718,1,0,3101278,-0.32928686163157667,,1.0,0.0,1.0
208,1,2,"Albimona, Mr. Nassef Cassem",-0.2583370877897099,0,0,2699,-0.2701412180209885,,1.0,0.0,0.0
209,1,2,"Carr, Miss. Helen ""Ellen""",-1.0268355210026217,0,0,367231,-0.49237782784290063,,0.0,1.0,0.0
210,1,0,"Blank, Mr. Henry",0.8175607187083667,0,0,112277,-0.024246350754841113,A31,1.0,0.0,0.0
211,0,2,"Ali, Mr. Ahmed",-0.41203677443229225,0,0,SOTON/O.Q. 3101311,-0.5064721088735089,,1.0,0.0,1.0
212,1,1,"Cameron, Miss. Clear Annie",0.4333115021019107,0,0,F.C.C. 13528,-0.22559322262067316,,0.0,0.0,1.0
213,0,2,"Perkin, Mr. John Henry",-0.5657364610748746,0,0,A/5 21174,-0.5024451714361923,,1.0,0.0,1.0
214,0,1,"Givard, Mr. Hans Kristensen",0.04906228549545483,0,0,250646,-0.3866707201133388,,1.0,0.0,1.0
215,0,2,"Kiernan, Mr. Philip",-0.10463740114712752,1,0,367229,-0.49237782784290063,,1.0,1.0,0.0
216,1,0,"Newell, Miss. Madeleine",0.12591212881674602,1,0,35273,1.6323350375212924,D36,0.0,0.0,0.0
217,1,2,"Honkanen, Miss. Eliina",-0.1814872444684187,0,0,STON/O2. 3101283,-0.4888542575852486,,0.0,0.0,1.0
218,0,1,"Jacobsohn, Mr. Sidney Samuel",0.9712604053509489,1,0,243847,-0.10478509950117394,,1.0,0.0,1.0
219,1,0,"Bazzani, Miss. Albina",0.20276197213803718,0,0,11813,0.8876878608937296,D15,0.0,0.0,0.0
220,0,1,"Harris, Mr. Walter",0.04906228549545483,0,0,W/C 14208,-0.43700743807979686,,1.0,0.0,1.0
221,1,2,"Sunderland, Mr. Victor Francis",-1.0268355210026217,0,0,SOTON/OQ 392089,-0.4863374216869257,,1.0,0.0,1.0
222,0,1,"Bracken, Mr. James H",-0.1814872444684187,0,0,220367,-0.3866707201133388,,1.0,0.0,1.0
223,0,2,"Green, Mr. George Henry",1.6629089952425695,0,0,21440,-0.4863374216869257,,1.0,0.0,1.0
224,0,2,"Nenkoff, Mr. Christo",-0.10463740114712752,0,0,349234,-0.4894421904510968,,1.0,0.0,1.0
225,1,0,"Hoyt, Mr. Frederick Maxfield",0.6638610320657843,1,0,19943,1.163700193253568,C93,1.0,0.0,1.0
226,0,2,"Berglund, Mr. Karl Ivar Sven",-0.5657364610748746,0,0,PP 4348,-0.4601623283443675,,1.0,0.0,1.0
227,1,1,"Mellors, Mr. William John",-0.7962859910387481,0,0,SW/PP 751,-0.43700743807979686,,1.0,0.0,1.0
228,0,2,"Lovell, Mr. John Hall (""Henry"")",-0.6810112260568114,0,0,A/5 21173,-0.5024451714361923,,1.0,0.0,1.0
229,0,1,"Fahlstrom, Mr. Arne Jonas",-0.8731358343600393,0,0,236171,-0.3866707201133388,,1.0,0.0,1.0
230,0,2,"Lefebre, Miss. Mathilde",-0.10463740114712752,3,1,4133,-0.13565761536436197,,0.0,0.0,1.0
231,1,0,"Harris, Mrs. Henry Birkhardt (Irene Wallach)",0.4333115021019107,1,0,36973,1.0323213593611125,C83,0.0,0.0,1.0
232,0,2,"Larsson, Mr. Bengt Edvin",-0.027787557825836348,0,0,347067,-0.4918744606632361,,1.0,0.0,1.0
233,0,1,"Sjostedt, Mr. Ernst Adolf",2.277707741812899,0,0,237442,-0.3766033765200472,,1.0,0.0,1.0
234,1,2,"Asplund, Miss. Lillian Gertrud",-1.8721837975368247,4,2,347077,-0.016444159470040135,,0.0,0.0,1.0
235,0,1,"Leyson, Mr. Robert William Norman",-0.41203677443229225,0,0,C.A. 29566,-0.43700743807979686,,1.0,0.0,1.0
236,0,2,"Harknett, Miss. Alice Phoebe",-0.10463740114712752,0,0,W./C. 6609,-0.49640476528021726,,0.0,0.0,1.0
237,0,1,"Hold, Mr. Stephen",1.1249600919935314,1,0,26707,-0.12491978668775715,,1.0,0.0,1.0
238,1,1,"Collyer, Miss. Marjorie ""Lottie""",-1.6416342675729512,0,2,C.A. 31921,-0.11988611489111134,,0.0,0.0,1.0
239,0,1,"Pengelly, Mr. Frederick William",-0.7962859910387481,0,0,28665,-0.43700743807979686,,1.0,0.0,1.0
240,0,1,"Hunt, Mr. George Henry",0.27961181545932834,0,0,SCO/W 1585,-0.4012683683236117,,1.0,0.0,1.0
241,0,2,"Zabour, Miss. Thamine",-0.10463740114712752,1,0,2665,-0.3573908580066095,,0.0,0.0,0.0
242,1,2,"Murphy, Miss. Katherine ""Kate""",-0.10463740114712752,1,0,367230,-0.3363340021468808,,0.0,1.0,0.0
243,0,1,"Coleridge, Mr. Reginald Charles",-0.027787557825836348,0,0,W./C. 14263,-0.43700743807979686,,1.0,0.0,1.0
244,0,2,"Maenpaa, Mr. Matti Alexanteri",-0.5657364610748746,0,0,STON/O 2. 3101275,-0.5049620073345151,,1.0,0.0,1.0
245,0,2,"Attalah, Mr. Sleiman",0.04906228549545483,0,0,2694,-0.5029485386158568,,1.0,0.0,0.0
246,0,0,"Minahan, Dr. William Edward",1.1249600919935314,2,0,19928,1.163700193253568,C78,1.0,1.0,0.0
247,0,2,"Lindahl, Miss. Agda Thorilda Viktoria",-0.33518693111100106,0,0,347071,-0.4918744606632361,,0.0,0.0,1.0
248,1,1,"Hamalainen, Mrs. William (Anna)",-0.41203677443229225,0,2,250649,-0.35646868933346404,,0.0,0.0,1.0
249,1,0,"Beckwith, Mr. Richard Leonard",0.5870111887444931,1,1,11751,0.40974072380221066,D35,1.0,0.0,1.0
250,0,1,"Carter, Rev. Ernest Courtenay",1.893458525206443,1,0,244252,-0.12491978668775715,,1.0,0.0,1.0
251,0,2,"Reed, Mr. James George",-0.10463740114712752,0,0,362316,-0.5024451714361923,,1.0,0.0,1.0
252,0,2,"Strom, Mrs. Wilhelm (Elna Matilda Persson)",-0.027787557825836348,1,1,347054,-0.43776248884929375,G6,0.0,0.0,1.0
253,0,0,"Stead, Mr. William Thomas",2.5082572717767726,0,0,113514,-0.11384570873513637,C87,1.0,0.0,1.0
254,0,2,"Lobb, Mr. William Arthur",0.04906228549545483,1,0,A/5. 3336,-0.32425318983493084,,1.0,0.0,1.0
255,0,2,"Rosblom, Mrs. Viktor (Helena Wilhelmina)",0.8944105620296577,0,2,370129,-0.2414492887801075,,0.0,0.0,1.0
256,1,2,"Touma, Mrs. Darwis (Hanne Youssef Razi)",-0.027787557825836348,0,2,2650,-0.3414522396297103,,0.0,0.0,0.0
257,1,0,"Thorne, Mrs. Gertrude Maybelle",-0.10463740114712752,0,0,PC 17585,0.9462455716384695,,0.0,0.0,0.0
258,1,0,"Cherry, Miss. Gladys",0.04906228549545483,0,0,110152,1.093228788100527,B77,0.0,0.0,1.0
259,1,0,"Ward, Miss. Anna",0.4333115021019107,0,0,PC 17755,9.667166525013505,,0.0,0.0,0.0
260,1,1,"Parrish, Mrs. (Lutie Davis)",1.5860591519212783,0,1,230433,-0.12491978668775715,,0.0,0.0,1.0
261,0,2,"Smith, Mr. Thomas",-0.10463740114712752,0,0,384461,-0.49237782784290063,,1.0,1.0,0.0
262,1,2,"Asplund, Master. Edvin Rojj Felix",-2.025883484179407,4,2,347077,-0.016444159470040135,,1.0,0.0,1.0
263,0,0,"Taussig, Mr. Emil",1.7397588385638607,1,1,110413,0.955306180872432,E67,1.0,0.0,1.0
264,0,0,"Harrison, Mr. William",0.8175607187083667,0,0,112059,-0.6484216535389205,B94,1.0,0.0,1.0
265,0,2,"Henry, Miss. Delia",-0.10463740114712752,0,0,382649,-0.49237782784290063,,0.0,1.0,0.0
266,0,1,"Reeves, Mr. David",0.5101613454232019,0,0,C.A. 17248,-0.43700743807979686,,1.0,0.0,1.0
267,0,2,"Panula, Mr. Ernesti Arvid",-1.0268355210026217,4,1,3101295,0.1506737441786005,,1.0,0.0,1.0
268,1,2,"Persson, Mr. Ernst Ulrik",-0.33518693111100106,1,0,347083,-0.4918744606632361,,1.0,0.0,1.0
269,1,0,"Graham, Mrs. William Thompson (Edith Junkins)",2.200857898491608,0,1,PC 17582,2.441497778832105,C125,0.0,0.0,1.0
270,1,0,"Bissette, Miss. Amelia",0.4333115021019107,0,0,PC 17760,2.0825124140450755,C99,0.0,0.0,1.0
271,0,0,"Cairns, Mr. Alexander",-0.10463740114712752,0,0,113798,-0.024246350754841113,,1.0,0.0,1.0
272,1,2,"Tornquist, Mr. William Henry",-0.33518693111100106,0,0,LINE,-0.6484216535389205,,1.0,0.0,1.0
273,1,1,"Mellinger, Mrs. (Elizabeth Anne Maidment)",0.8944105620296577,0,1,250644,-0.255795253400548,,0.0,0.0,1.0
274,0,0,"Natsch, Mr. Charles H",0.5870111887444931,0,1,PC 17596,-0.05042144409739929,C118,1.0,0.0,0.0
275,1,2,"Healy, Miss. Hanora ""Nora""",-0.10463740114712752,0,0,370375,-0.49237782784290063,,0.0,1.0,0.0
276,1,0,"Andrews, Miss. Kornelia Theodosia",2.585107115098064,1,0,13502,0.921244330558889,D7,0.0,0.0,1.0
277,0,2,"Lindblom, Miss. Augusta Charlotta",1.2018099353148226,0,0,347073,-0.49237782784290063,,0.0,0.0,1.0
278,0,1,"Parkes, Mr. Francis ""Frank""",-0.10463740114712752,0,0,239853,-0.6484216535389205,,1.0,0.0,1.0
279,0,2,"Rice, Master. Eric",-1.7184841108942424,4,1,382652,-0.06199888922968463,,1.0,1.0,0.0
280,1,2,"Abbott, Mrs. Stanton (Rosa Hunt)",0.4333115021019107,1,1,C.A. 2673,-0.24069423801061057,,0.0,0.0,1.0
281,0,2,"Duane, Mr. Frank",2.738806801740646,0,0,336439,-0.49237782784290063,,1.0,1.0,0.0
282,0,2,"Olsson, Mr. Nils Johan Goransson",-0.10463740114712752,0,0,347464,-0.4902797934380587,,1.0,0.0,1.0
283,0,2,"de Pelsmaeker, Mr. Alfons",-1.0268355210026217,0,0,345778,-0.45714212526638004,,1.0,0.0,1.0
284,1,2,"Dorking, Mr. Edward Arthur",-0.7962859910387481,0,0,A/5. 10482,-0.4863374216869257,,1.0,0.0,1.0
285,0,0,"Smith, Mr. Richard William",-0.10463740114712752,0,0,113056,-0.12491978668775715,A19,1.0,0.0,1.0
286,0,2,"Stankovic, Mr. Ivan",0.27961181545932834,0,0,349239,-0.47400492578514347,,1.0,0.0,0.0
287,1,2,"de Mulder, Mr. Theodore",0.04906228549545483,0,0,345774,-0.45714212526638004,,1.0,0.0,1.0
288,0,2,"Naidenoff, Mr. Penko",-0.5657364610748746,0,0,349206,-0.4894421904510968,,1.0,0.0,1.0
289,1,1,"Hosono, Mr. Masabumi",0.9712604053509489,0,0,237798,-0.3866707201133388,,1.0,0.0,1.0
290,1,2,"Connolly, Miss. Kate",-0.5657364610748746,0,0,370373,-0.49237782784290063,,0.0,1.0,0.0
291,1,0,"Barber, Miss. Ellen ""Nellie""",-0.2583370877897099,0,0,19877,0.9391984311231651,,0.0,0.0,1.0
292,1,0,"Bishop, Mrs. Dickinson H (Helen Walton)",-0.7962859910387481,1,0,11967,1.1854295476653287,B49,0.0,0.0,0.0
293,0,1,"Levy, Mr. Rene Jacques",0.5101613454232019,0,0,SC/Paris 2163,-0.3891875560116617,D,1.0,0.0,0.0
294,0,2,"Haas, Miss. Aloisia",-0.41203677443229225,0,0,349236,-0.4702296719376591,,0.0,0.0,1.0
295,0,2,"Mineff, Mr. Ivan",-0.41203677443229225,0,0,349233,-0.4894421904510968,,1.0,0.0,1.0
296,0,0,"Lewy, Mr. Ervin G",-0.10463740114712752,0,0,PC 17612,-0.09027201697708476,,1.0,0.0,0.0
297,0,2,"Hanna, Mr. Mansour",-0.45046169609293785,0,0,2693,-0.5028639729296732,,1.0,0.0,0.0
298,0,0,"Allison, Miss. Helen Loraine",-2.1027333275006983,1,2,113781,2.4029901895877646,C22 C26,0.0,0.0,1.0
299,1,0,"Saalfeld, Mr. Adolphe",-0.10463740114712752,0,0,19988,-0.034313694348132716,C106,1.0,0.0,1.0
300,1,0,"Baxter, Mrs. James (Helene DeLaudeniere Chaput)",1.5860591519212783,0,1,PC 17558,4.335332226633905,B58 B60,0.0,0.0,0.0
301,1,2,"Kelly, Miss. Anna Katherine ""Annie Kate""",-0.10463740114712752,0,0,9234,-0.49237782784290063,,0.0,1.0,0.0
302,1,2,"McCoy, Mr. Bernard",-0.10463740114712752,2,0,367226,-0.18029017645086096,,1.0,1.0,0.0
303,0,2,"Johnson, Mr. William Cahoone Jr",-0.7962859910387481,0,0,LINE,-0.6484216535389205,,1.0,0.0,1.0
304,1,1,"Keane, Miss. Nora A",-0.10463740114712752,0,0,226593,-0.3997582667846179,E101,0.0,1.0,0.0
305,0,2,"Williams, Mr. Howard Hugh ""Harry""",-0.10463740114712752,0,0,A/5 2466,-0.4863374216869257,,1.0,0.0,1.0
306,1,0,"Allison, Master. Hudson Trevor",-2.1857311582876924,1,2,113781,2.4029901895877646,C22 C26,1.0,0.0,1.0
307,1,0,"Fleming, Miss. Margaret",-0.10463740114712752,0,0,17421,1.5841789061771412,,0.0,0.0,0.0
308,1,0,"Penasco y Castellana, Mrs. Victor de Satode (Maria Josefa Perez de Soto y Vallejo)",-0.9499856776813305,1,0,PC 17758,1.5442457810799908,C65,0.0,0.0,0.0
309,0,1,"Abelson, Mr. Samuel",0.04906228549545483,1,0,P/PP 3381,-0.16518916106092355,,1.0,0.0,0.0
310,1,0,"Francatelli, Miss. Laura Mabel",0.04906228549545483,0,0,PC 17485,0.49782998024351216,E36,0.0,0.0,0.0
311,1,0,"Hays, Miss. Margaret Bechstein",-0.41203677443229225,0,0,11767,1.0259447039291216,C54,0.0,0.0,0.0
312,1,0,"Ryerson, Miss. Emily Borie",-0.8731358343600393,2,2,PC 17608,4.634416897040849,B57 B59 B63 B66,0.0,0.0,0.0
313,0,1,"Lahtinen, Mrs. William (Anna Sylfven)",-0.2583370877897099,1,1,250651,-0.12491978668775715,,0.0,0.0,1.0
314,0,2,"Hendekovic, Mr. Ignjac",-0.10463740114712752,0,0,349243,-0.4894421904510968,,1.0,0.0,1.0
315,0,1,"Hart, Mr. Benjamin",1.0481102486722402,1,1,F.C.C. 13529,-0.11988611489111134,,1.0,0.0,1.0
316,1,2,"Nilsson, Miss. Helmina Josefina",-0.2583370877897099,0,0,347470,-0.4902797934380587,,0.0,0.0,1.0
317,1,1,"Kantor, Mrs. Sinai (Miriam Sternin)",-0.41203677443229225,1,0,244367,-0.12491978668775715,,0.0,0.0,1.0
318,0,1,"Moraweck, Dr. Ernest",1.893458525206443,0,0,29011,-0.36653603292675563,,1.0,0.0,1.0
319,1,0,"Wick, Miss. Mary Natalie",0.12591212881674602,0,2,36928,2.671117778445337,C7,0.0,0.0,1.0
320,1,0,"Spedden, Mrs. Frederic Oakley (Margaretta Corning Stone)",0.8175607187083667,1,1,16966,2.059693773056521,E34,0.0,0.0,0.0
321,0,2,"Dennis, Mr. Samuel",-0.5657364610748746,0,0,A/5 21172,-0.5024451714361923,,1.0,0.0,1.0
322,0,2,"Danoff, Mr. Yoto",-0.1814872444684187,0,0,349219,-0.4894421904510968,,1.0,0.0,1.0
323,1,1,"Slayter, Miss. Hilda Mary",0.04906228549545483,0,0,234818,-0.3997582667846179,,0.0,1.0,0.0
324,1,1,"Caldwell, Mrs. Albert Francis (Sylvia Mae Harbaugh)",-0.5657364610748746,1,1,248738,-0.06451572512800753,,0.0,0.0,1.0
325,0,2,"Sage, Mr. George John Jr",-0.10463740114712752,8,2,CA. 2343,0.7519458402879414,,1.0,0.0,1.0
326,1,0,"Young, Miss. Marie Grice",0.5101613454232019,0,0,PC 17760,2.0825124140450755,C32,0.0,0.0,0.0
327,0,2,"Nysveen, Mr. Johan Hansen",2.4314074284554814,0,0,345364,-0.5228315422126077,,1.0,0.0,1.0
328,1,1,"Ball, Mrs. (Ada E Hall)",0.5101613454232019,0,0,28551,-0.3866707201133388,D,0.0,0.0,1.0
329,1,2,"Goldsmith, Mrs. Frank John (Emily Alice Brown)",0.12591212881674602,1,1,363291,-0.2351571990343002,,0.0,0.0,1.0
330,1,0,"Hippach, Miss. Jean Gertrude",-1.0268355210026217,0,1,111361,0.5189714017894245,B18,0.0,0.0,0.0
331,1,2,"McCoy, Miss. Agnes",-0.10463740114712752,2,0,367226,-0.18029017645086096,,0.0,1.0,0.0
332,0,0,"Partner, Mr. Austen",1.2402348569754682,0,0,113043,-0.07458306872129913,C124,1.0,0.0,1.0
333,0,0,"Graham, Mr. George Edward",0.6638610320657843,0,1,PC 17582,2.441497778832105,C91,1.0,0.0,1.0
334,0,2,"Vander Planke, Mr. Leo Edmondus",-1.0268355210026217,2,0,345764,-0.2859972841804228,,1.0,0.0,1.0
335,1,0,"Frauenthal, Mrs. Henry William (Clara Heinsheimer)",-0.10463740114712752,1,0,PC 17611,2.042579288947925,,0.0,0.0,1.0
336,0,2,"Denkoff, Mr. Mitto",-0.10463740114712752,0,0,349225,-0.4894421904510968,,1.0,0.0,1.0
337,0,0,"Pears, Mr. Thomas Clinton",-0.027787557825836348,1,0,113776,0.6925485130875209,C2,1.0,0.0,1.0
338,1,0,"Burns, Miss. Elizabeth Margaret",0.8944105620296577,0,0,16966,2.059693773056521,E40,0.0,0.0,0.0
339,1,2,"Dahl, Mr. Karl Edwart",1.2018099353148226,0,0,7598,-0.4863374216869257,,1.0,0.0,1.0
340,0,0,"Blackwell, Mr. Stephen Weart",1.2018099353148226,0,0,113784,0.06635974158478332,T,1.0,0.0,1.0
341,1,1,"Navratil, Master. Edmond Roger",-2.1027333275006983,1,1,230080,-0.12491978668775715,F2,1.0,0.0,1.0
342,1,0,"Fortune, Miss. Alice Elizabeth",-0.41203677443229225,3,2,19950,4.647001076532463,C23 C25 C27,0.0,0.0,1.0
343,0,1,"Collander, Mr. Erik Gustaf",-0.10463740114712752,0,0,248740,-0.3866707201133388,,1.0,0.0,1.0
344,0,1,"Sedgwick, Mr. Charles Frederick Waddington",-0.33518693111100106,0,0,244361,-0.3866707201133388,,1.0,0.0,1.0
345,0,1,"Fox, Mr. Stanley Hubert",0.5101613454232019,0,0,229236,-0.3866707201133388,,1.0,0.0,1.0
346,1,1,"Brown, Miss. Amelia ""Mildred""",-0.41203677443229225,0,0,248733,-0.3866707201133388,F33,0.0,0.0,1.0
347,1,1,"Smith, Miss. Marion Elsie",0.8175607187083667,0,0,31418,-0.3866707201133388,,0.0,0.0,1.0
348,1,2,"Davison, Mrs. Thomas Henry (Mary E Finck)",-0.10463740114712752,1,0,386525,-0.32425318983493084,,0.0,0.0,1.0
349,1,2,"Coutts, Master. William Loch ""William""",-2.025883484179407,1,1,C.A. 37671,-0.32828012727224753,,1.0,0.0,1.0
350,0,2,"Dimic, Mr. Jovan",0.9712604053509489,0,0,315088,-0.47400492578514347,,1.0,0.0,1.0
351,0,2,"Odahl, Mr. Nils Martin",-0.48888661775358344,0,0,7267,-0.4626791642426904,,1.0,0.0,1.0
352,0,0,"Williams-Lambert, Mr. Fletcher Fellows",-0.10463740114712752,0,0,113510,0.05629239799149171,C128,1.0,0.0,1.0
353,0,2,"Elias, Mr. Tannous",-1.1036853643239128,1,1,2695,-0.5028639729296732,,1.0,0.0,0.0
354,0,2,"Arnold-Franchi, Mr. Josef",-0.33518693111100106,1,0,349237,-0.29002422161773944,,1.0,0.0,1.0
355,0,2,"Yousif, Mr. Wazli",-0.10463740114712752,0,0,2647,-0.5029485386158568,,1.0,0.0,0.0
356,0,2,"Vanden Steen, Mr. Leo Peter",-0.10463740114712752,0,0,345783,-0.45714212526638004,,1.0,0.0,1.0
357,1,0,"Bowerman, Miss. Elsie Edith",-0.5657364610748746,0,1,113505,0.4589861417231558,E33,0.0,0.0,1.0
358,0,1,"Funk, Miss. Annie Clemmer",0.6638610320657843,0,0,237671,-0.3866707201133388,,0.0,0.0,1.0
359,1,2,"McGovern, Miss. Mary",-0.10463740114712752,0,0,330931,-0.48977642625839407,,0.0,1.0,0.0
360,1,2,"Mockler, Miss. Helen Mary ""Ellie""",-0.10463740114712752,0,0,330980,-0.48977642625839407,,0.0,1.0,0.0
361,0,2,"Skoog, Mr. Wilhelm",0.8175607187083667,1,4,347088,-0.08666388103324908,,1.0,0.0,1.0
362,0,1,"del Carlo, Mr. Sebastiano",-0.027787557825836348,1,0,SC/PARIS 2167,-0.09027201697708476,,1.0,0.0,0.0
363,0,2,"Barbara, Mrs. (Catherine David)",1.2018099353148226,0,1,2691,-0.3573908580066095,,0.0,0.0,0.0
364,0,2,"Asim, Mr. Adola",0.4333115021019107,0,0,SOTON/O.Q. 3101310,-0.5064721088735089,,1.0,0.0,1.0
365,0,2,"O'Brien, Mr. Thomas",-0.10463740114712752,1,0,370365,-0.3363340021468808,,1.0,1.0,0.0
366,0,2,"Adahl, Mr. Mauritz Nils Martin",0.04906228549545483,0,0,C 7076,-0.5024451714361923,,1.0,0.0,1.0
367,1,0,"Warren, Mrs. Frank Manley (Anna Sophia Atkinson)",2.3545575851341902,1,0,110813,0.8667135572514657,D37,0.0,0.0,0.0
368,1,2,"Moussa, Mrs. (Mantoura Boulos)",-0.10463740114712752,0,0,2626,-0.5028639729296732,,0.0,0.0,0.0
369,1,2,"Jermyn, Miss. Annie",-0.10463740114712752,0,0,14313,-0.49237782784290063,,0.0,1.0,0.0
370,1,0,"Aubart, Mme. Leontine Pauline",-0.41203677443229225,0,0,PC 17477,0.7469121684912956,B35,0.0,0.0,0.0
371,1,0,"Harder, Mr. George Achilles",-0.33518693111100106,1,0,11765,0.4678796330534696,E50,1.0,0.0,0.0
372,0,2,"Wiklund, Mr. Jakob Alfred",-0.8731358343600393,1,0,3101267,-0.5176307525123133,,1.0,0.0,1.0
373,0,2,"Beavan, Mr. William Thomas",-0.7962859910387481,0,0,323951,-0.4863374216869257,,1.0,0.0,1.0
374,0,0,"Ringhini, Mr. Sante",-0.5657364610748746,0,0,PC 17760,2.0825124140450755,,1.0,0.0,0.0
375,0,2,"Palsson, Miss. Stina Viola",-2.025883484179407,3,1,349909,-0.22408312108167944,,0.0,0.0,1.0
376,1,0,"Meyer, Mrs. Edgar Joseph (Leila Saks)",-0.10463740114712752,1,0,PC 17604,1.0060617003323709,,0.0,0.0,0.0
377,1,2,"Landergren, Miss. Aurora Adelia",-0.5657364610748746,0,0,C 7077,-0.5024451714361923,,0.0,0.0,1.0
378,0,0,"Widener, Mr. Harry Elkins",-0.1814872444684187,0,2,113503,3.610064686423428,C82,1.0,0.0,0.0
379,0,2,"Betros, Mr. Tannous",-0.719436147717457,0,0,2648,-0.5676312212027554,,1.0,0.0,0.0
380,0,2,"Gustafsson, Mr. Karl Gideon",-0.7962859910387481,0,0,347069,-0.4918744606632361,,1.0,0.0,1.0
381,1,0,"Bidois, Miss. Rosalie",0.9712604053509489,0,0,PC 17757,3.9327230485884233,,0.0,0.0,0.0
382,1,2,"Nakid, Miss. Maria (""Mary"")",-2.1795831708219895,0,2,2653,-0.33146744825388363,,0.0,0.0,0.0
383,0,2,"Tikkanen, Mr. Juho",0.20276197213803718,0,0,STON/O 2. 3101293,-0.4888542575852486,,1.0,0.0,1.0
384,1,0,"Holverson, Mrs. Alexander Oskar (Mary Aline Towner)",0.4333115021019107,1,0,113789,0.39858208016340624,,0.0,0.0,1.0
385,0,2,"Plotcharsky, Mr. Vasil",-0.10463740114712752,0,0,349227,-0.4894421904510968,,1.0,0.0,1.0
386,0,1,"Davies, Mr. Charles Henry",-0.8731358343600393,0,0,S.O.C. 14879,0.8314778546749452,,1.0,0.0,1.0
387,0,2,"Goodwin, Master. Sidney Leonard",-2.1795831708219895,5,2,CA 2144,0.2958951755118318,,1.0,0.0,1.0
388,1,1,"Buss, Miss. Kate",0.5101613454232019,0,0,27849,-0.3866707201133388,,0.0,0.0,1.0
389,0,2,"Sadlier, Mr. Matthew",-0.10463740114712752,0,0,367655,-0.49279662933638163,,1.0,1.0,0.0
390,1,1,"Lehmann, Miss. Bertha",-0.9499856776813305,0,0,SC 1748,-0.40680540729992204,,0.0,0.0,0.0
391,1,0,"Carter, Mr. William Ernest",0.5101613454232019,1,2,113760,1.7677408088510642,B96 B98,1.0,0.0,1.0
392,1,2,"Jansson, Mr. Carl Olof",-0.6425863043961658,0,0,350034,-0.49145565916975514,,1.0,0.0,1.0
393,0,2,"Gustafsson, Mr. Johan Birger",-0.10463740114712752,2,0,3101277,-0.4888542575852486,,1.0,0.0,1.0
394,1,0,"Newell, Miss. Marjorie",-0.48888661775358344,1,0,35273,1.6323350375212924,D36,0.0,0.0,0.0
395,1,2,"Sandstrom, Mrs. Hjalmar (Agnes Charlotta Bengtsson)",-0.41203677443229225,0,2,PP 9549,-0.312172377522981,G6,0.0,0.0,1.0
396,0,2,"Johansson, Mr. Erik",-0.5657364610748746,0,0,350052,-0.49145565916975514,,1.0,0.0,1.0
397,0,2,"Olsson, Miss. Elina",0.12591212881674602,0,0,350407,-0.4902797934380587,,0.0,0.0,1.0
398,0,1,"McKane, Mr. Peter David",1.2786597786361138,0,0,28403,-0.12491978668775715,,1.0,0.0,1.0
399,0,1,"Pain, Dr. Alfred",-0.48888661775358344,0,0,244278,-0.43700743807979686,,1.0,0.0,1.0
400,1,1,"Trout, Mrs. William H (Jessie L)",-0.10463740114712752,0,0,240929,-0.393717860628643,,0.0,0.0,1.0
401,1,2,"Niskanen, Mr. Juha",0.7407108753870755,0,0,STON/O 2. 3101289,-0.4888542575852486,,1.0,0.0,1.0
402,0,2,"Adams, Mr. John",-0.2583370877897099,0,0,341826,-0.4863374216869257,,1.0,0.0,1.0
403,0,2,"Jussila, Miss. Mari Aina",-0.6425863043961658,1,0,4137,-0.4505983519307405,,0.0,0.0,1.0
404,0,2,"Hakkarainen, Mr. Pekka Pietari",-0.10463740114712752,1,0,STON/O2. 3101279,-0.32928686163157667,,1.0,0.0,1.0
405,0,2,"Oreskovic, Miss. Marija",-0.719436147717457,0,0,315096,-0.47400492578514347,,0.0,0.0,1.0
406,0,1,"Gale, Mr. Shadrach",0.35646165878061953,1,0,28664,-0.22559322262067316,,1.0,0.0,1.0
407,0,2,"Widegren, Mr. Carl/Charles Peter",1.6629089952425695,0,0,347064,-0.49237782784290063,,1.0,0.0,1.0
408,1,1,"Richards, Master. William Rowe",-2.025883484179407,1,1,29106,-0.2708962687904854,,1.0,0.0,1.0
409,0,2,"Birkeland, Mr. Hans Martin Monsen",-0.6425863043961658,0,0,312992,-0.4918744606632361,,1.0,0.0,1.0
410,0,2,"Lefebre, Miss. Ida",-0.10463740114712752,3,1,4133,-0.13565761536436197,,0.0,0.0,1.0
411,0,2,"Sdycoff, Mr. Todor",-0.10463740114712752,0,0,349222,-0.4894421904510968,,1.0,0.0,1.0
412,0,2,"Hart, Mr. Henry",-0.10463740114712752,0,0,394140,-0.5103319284071769,,1.0,1.0,0.0
413,1,0,"Minahan, Miss. Daisy E",0.27961181545932834,1,0,19928,1.163700193253568,C78,0.0,1.0,0.0
414,0,1,"Cunningham, Mr. Alfred Fleming",-0.10463740114712752,0,0,239853,-0.6484216535389205,,1.0,0.0,1.0
415,1,2,"Sundman, Mr. Johan Julian",1.1249600919935314,0,0,STON/O 2. 3101269,-0.4888542575852486,,1.0,0.0,1.0
416,0,2,"Meek, Mrs. Thomas (Annie Louise Rowley)",-0.10463740114712752,0,0,343095,-0.4863374216869257,,0.0,0.0,1.0
417,1,1,"Drew, Mrs. James Vivian (Lulu Thorne Christian)",0.35646165878061953,1,1,28220,0.005955680025033696,,0.0,0.0,1.0
418,1,1,"Silven, Miss. Lyyli Karoliina",-0.8731358343600393,0,2,250652,-0.3866707201133388,,0.0,0.0,1.0
419,0,1,"Matthews, Mr. William John",0.04906228549545483,0,0,28228,-0.3866707201133388,,1.0,0.0,1.0
420,0,2,"Van Impe, Miss. Catharina",-1.4879345809303688,0,2,345773,-0.1621689579829361,,0.0,0.0,1.0
421,0,2,"Gheorgheff, Mr. Stanio",-0.10463740114712752,0,0,349254,-0.4894421904510968,,1.0,0.0,0.0
422,0,2,"Charters, Mr. David",-0.6425863043961658,0,0,A/5. 13032,-0.49271407711891657,,1.0,1.0,0.0
423,0,2,"Zimmerman, Mr. Leo",-0.027787557825836348,0,0,315082,-0.4898609919445778,,1.0,0.0,1.0
424,0,2,"Danbom, Mrs. Ernst Gilbert (Anna Sigrid Maria Brogren)",-0.10463740114712752,1,1,347080,-0.35848215805212236,,0.0,0.0,1.0
425,0,2,"Rosblom, Mr. Viktor Richard",-0.8731358343600393,1,1,370129,-0.2414492887801075,,1.0,0.0,1.0
426,0,2,"Wiseman, Mr. Phillippe",-0.10463740114712752,0,0,A/4. 34244,-0.5024451714361923,,1.0,0.0,1.0
427,1,1,"Clarke, Mrs. Charles V (Ada Maria Winfield)",-0.10463740114712752,1,0,2003,-0.12491978668775715,,0.0,0.0,1.0
428,1,1,"Phillips, Miss. Kate Florence (""Mrs Kate Louise Phillips Marshall"")",-0.7962859910387481,0,0,250655,-0.12491978668775715,,0.0,0.0,1.0
429,0,2,"Flynn, Mr. James",-0.10463740114712752,0,0,364851,-0.49237782784290063,,1.0,1.0,0.0
430,1,2,"Pickard, Mr. Berk (Berk Trembisky)",0.20276197213803718,0,0,SOTON/O.Q. 392078,-0.4863374216869257,E10,1.0,0.0,1.0
431,1,0,"Bjornstrom-Steffansson, Mr. Mauritz Hakan",-0.10463740114712752,0,0,110564,-0.11384570873513637,C52,1.0,0.0,1.0
432,1,2,"Thorneycroft, Mrs. Percival (Florence Kate White)",-0.10463740114712752,1,0,376564,-0.32425318983493084,,0.0,0.0,1.0
433,1,1,"Louch, Mrs. Charles Alexander (Alice Adelaide Slow)",0.9712604053509489,1,0,SC/AH 3085,-0.12491978668775715,,0.0,0.0,1.0
434,0,2,"Kallio, Mr. Nikolai Erland",-0.9499856776813305,0,0,STON/O 2. 3101274,-0.5049620073345151,,1.0,0.0,1.0
435,0,0,"Silvey, Mr. William Baird",1.5860591519212783,1,0,13507,0.4771073601910807,E44,1.0,0.0,1.0
436,1,0,"Carter, Miss. Lucile Polk",-1.180535207645204,1,2,113760,1.7677408088510642,B96 B98,0.0,0.0,1.0
437,0,2,"Ford, Miss. Doolina Margaret ""Daisy""",-0.6425863043961658,2,2,W./C. 6608,0.04370821849987721,,0.0,0.0,1.0
438,1,1,"Richards, Mrs. Sidney (Emily Hocking)",-0.41203677443229225,2,3,29106,-0.2708962687904854,,0.0,0.0,1.0
439,0,0,"Fortune, Mr. Mark",2.661956958419355,1,4,19950,4.647001076532463,C23 C25 C27,1.0,0.0,1.0
440,0,1,"Kvillner, Mr. Johan Henrik Johannesson",0.12591212881674602,0,0,C.A. 18723,-0.43700743807979686,,1.0,0.0,1.0
441,1,1,"Hart, Mrs. Benjamin (Esther Ada Bloomfield)",1.2018099353148226,1,1,F.C.C. 13529,-0.11988611489111134,,0.0,0.0,1.0
442,0,2,"Hampe, Mr. Leon",-0.719436147717457,0,0,345769,-0.45714212526638004,,1.0,0.0,1.0
443,0,2,"Petterson, Mr. Johan Emil",-0.33518693111100106,1,0,347076,-0.4918744606632361,,1.0,0.0,1.0
444,1,1,"Reynaldo, Ms. Encarnacion",-0.10463740114712752,0,0,230434,-0.3866707201133388,,0.0,0.0,1.0
445,1,2,"Johannesen-Bratthammer, Mr. Bernt",-0.10463740114712752,0,0,65306,-0.48507900373776425,,1.0,0.0,1.0
446,1,0,"Dodge, Master. Washington",-1.949033640858116,0,2,33638,0.9997696105865636,A34,1.0,0.0,1.0
447,1,1,"Mellinger, Miss. Madeleine Violet",-1.2573850509664952,0,1,250644,-0.255795253400548,,0.0,0.0,1.0
448,1,0,"Seward, Mr. Frederic Kimber",0.35646165878061953,0,0,113794,-0.11384570873513637,,1.0,0.0,1.0
449,1,2,"Baclini, Miss. Marie Catherine",-1.8721837975368247,2,1,2666,-0.26066180729354516,,0.0,0.0,0.0
450,1,0,"Peuchen, Major. Arthur Godfrey",1.7397588385638607,0,0,113786,-0.034313694348132716,C104,1.0,0.0,1.0
451,0,1,"West, Mr. Edwy Arthur",0.5101613454232019,1,2,C.A. 34651,-0.08968408411123653,,1.0,0.0,1.0
452,0,2,"Hagland, Mr. Ingvald Olai Olsen",-0.10463740114712752,1,0,65303,-0.2463983948905696,,1.0,0.0,1.0
453,0,0,"Foreman, Mr. Benjamin Laventall",0.04906228549545483,0,0,113051,-0.08968408411123653,C111,1.0,0.0,0.0
454,1,0,"Goldenberg, Mr. Samuel L",1.5092093085999871,1,0,17453,1.145663540471827,C92,1.0,0.0,0.0
455,0,2,"Peduzzi, Mr. Joseph",-0.10463740114712752,0,0,A/5 2817,-0.4863374216869257,,1.0,0.0,1.0
456,1,2,"Jalsevac, Mr. Ivan",-0.027787557825836348,0,0,349240,-0.4894421904510968,,1.0,0.0,0.0
457,0,0,"Millet, Mr. Francis Davis",2.738806801740646,0,0,13509,-0.11384570873513637,E38,1.0,0.0,1.0
458,1,0,"Kenyon, Mrs. Frederick R (Marion)",-0.10463740114712752,1,0,17464,0.395813560675251,D21,0.0,0.0,1.0
459,1,1,"Toomey, Miss. Ellen",1.5860591519212783,0,0,F.C.C. 13531,-0.43700743807979686,,0.0,0.0,1.0
460,0,2,"O'Connor, Mr. Maurice",-0.10463740114712752,0,0,371060,-0.49237782784290063,,1.0,1.0,0.0
461,1,0,"Anderson, Mr. Harry",1.432359465278696,0,0,19952,-0.11384570873513637,E12,1.0,0.0,1.0
462,0,2,"Morley, Mr. William",0.35646165878061953,0,0,364506,-0.4863374216869257,,1.0,0.0,1.0
463,0,0,"Gee, Mr. Arthur H",1.3555096219574048,0,0,111320,0.12676380314453292,E63,1.0,0.0,1.0
464,0,1,"Milling, Mr. Jacob Christian",1.432359465278696,0,0,234360,-0.3866707201133388,,1.0,0.0,1.0
465,0,2,"Maisner, Mr. Simon",-0.10463740114712752,0,0,A/S 2816,-0.4863374216869257,,1.0,0.0,1.0
466,0,2,"Goncalves, Mr. Manuel Estanslas",0.6638610320657843,0,0,SOTON/O.Q. 3101306,-0.5064721088735089,,1.0,0.0,1.0
467,0,1,"Campbell, Mr. William",-0.10463740114712752,0,0,239853,-0.6484216535389205,,1.0,0.0,1.0
468,0,0,"Smart, Mr. John Montgomery",2.0471582118490255,0,0,113792,-0.11384570873513637,,1.0,0.0,1.0
469,0,2,"Scanlan, Mr. James",-0.10463740114712752,0,0,36209,-0.4928811950225652,,1.0,1.0,0.0
470,1,2,"Baclini, Miss. Helene Barbara",-2.1987956316523123,2,1,2666,-0.26066180729354516,,0.0,0.0,0.0
471,0,2,"Keefe, Mr. Arthur",-0.10463740114712752,0,0,323592,-0.5024451714361923,,1.0,0.0,1.0
472,0,2,"Cacic, Mr. Luka",0.6638610320657843,0,0,315089,-0.47400492578514347,,1.0,0.0,1.0
473,1,1,"West, Mrs. Edwy Arthur (Ada Mary Worth)",0.27961181545932834,1,2,C.A. 34651,-0.08968408411123653,,0.0,0.0,1.0
474,1,1,"Jerwan, Mrs. Amin S (Marie Marthe Thuillard)",-0.48888661775358344,0,0,SC/AH Basle 541,-0.3707300882677209,D,0.0,0.0,0.0
475,0,2,"Strandberg, Miss. Ida Sofia",-0.5657364610748746,0,0,7553,-0.45034666834090825,,0.0,0.0,1.0
476,0,0,"Clifford, Mr. George Quincy",-0.10463740114712752,0,0,110465,0.39858208016340624,A14,1.0,0.0,1.0
477,0,1,"Renouf, Mr. Peter Henry",0.35646165878061953,1,0,31027,-0.22559322262067316,,1.0,0.0,1.0
478,0,2,"Braund, Mr. Lewis Richard",-0.027787557825836348,1,0,3460,-0.5065566745596926,,1.0,0.0,1.0
479,0,2,"Karlsson, Mr. Nils August",-0.5657364610748746,0,0,350060,-0.4969926981460655,,1.0,0.0,1.0
480,1,2,"Hirvonen, Miss. Hildur E",-2.1027333275006983,0,1,3101298,-0.4010166847337793,,0.0,0.0,1.0
481,0,2,"Goodwin, Master. Harold Victor",-1.56478442425166,5,2,CA 2144,0.2958951755118318,,1.0,0.0,1.0
482,0,1,"Frost, Mr. Anthony Wood ""Archie""",-0.10463740114712752,0,0,239854,-0.6484216535389205,,1.0,0.0,1.0
483,0,2,"Rouse, Mr. Richard Henry",1.5860591519212783,0,0,A/5 3594,-0.4863374216869257,,1.0,0.0,1.0
484,1,2,"Turkula, Mrs. (Hedwig)",2.585107115098064,0,0,4134,-0.455380340137554,,0.0,0.0,1.0
485,1,0,"Bishop, Mr. Dickinson H",-0.33518693111100106,1,0,11967,1.1854295476653287,B49,1.0,0.0,0.0
486,0,2,"Lefebre, Miss. Jeannie",-0.10463740114712752,3,1,4133,-0.13565761536436197,,0.0,0.0,1.0
487,1,0,"Hoyt, Mrs. Frederick Maxfield (Jane Anne Forby)",0.4333115021019107,1,0,19943,1.163700193253568,C93,0.0,0.0,1.0
488,0,0,"Kent, Mr. Edward Austin",2.200857898491608,0,0,11771,-0.05042144409739929,B37,1.0,0.0,0.0
489,0,2,"Somerton, Mr. Francis William",0.04906228549545483,0,0,A.5. 18509,-0.4863374216869257,,1.0,0.0,1.0
490,1,2,"Coutts, Master. Eden Leslie ""Neville""",-1.56478442425166,1,1,C.A. 37671,-0.32828012727224753,,1.0,0.0,1.0
491,0,2,"Hagland, Mr. Konrad Mathias Reiersen",-0.10463740114712752,1,0,65304,-0.2463983948905696,,1.0,0.0,1.0
492,0,2,"Windelov, Mr. Einar",-0.6425863043961658,0,0,SOTON/OQ 3101317,-0.5024451714361923,,1.0,0.0,1.0
493,0,0,"Molson, Mr. Harry Markland",1.9703083685277343,0,0,113787,-0.034313694348132716,C30,1.0,0.0,1.0
494,0,0,"Artagaveytia, Mr. Ramon",3.1999058616683933,0,0,PC 17609,0.3483299278831318,,1.0,0.0,0.0
495,0,2,"Stanley, Mr. Edward Roland",-0.6425863043961658,0,0,A/4 45380,-0.4863374216869257,,1.0,0.0,1.0
496,0,2,"Yousseff, Mr. Gerious",-0.10463740114712752,0,0,2627,-0.3573083057891445,,1.0,0.0,0.0
497,1,0,"Eustis, Miss. Elizabeth Mussey",1.893458525206443,1,0,36947,0.9274538680872313,D20,0.0,0.0,0.0
498,0,2,"Shellard, Mr. Frederick William",-0.10463740114712752,0,0,C.A. 6212,-0.3443878770215141,,1.0,0.0,1.0
499,0,0,"Allison, Mrs. Hudson J C (Bessie Waldo Daniels)",-0.33518693111100106,1,2,113781,2.4029901895877646,C22 C26,0.0,0.0,1.0
500,0,2,"Svensson, Mr. Olof",-0.41203677443229225,0,0,350035,-0.49145565916975514,,1.0,0.0,1.0
501,0,2,"Calic, Mr. Petar",-0.9499856776813305,0,0,315086,-0.47400492578514347,,1.0,0.0,1.0
502,0,2,"Canavan, Miss. Mary",-0.6425863043961658,0,0,364846,-0.49237782784290063,,0.0,1.0,0.0
503,0,2,"O'Sullivan, Miss. Bridget Mary",-0.10463740114712752,0,0,330909,-0.4948100980550399,,0.0,1.0,0.0
504,0,2,"Laitinen, Miss. Kristina Sofia",0.5870111887444931,0,0,4135,-0.455380340137554,,0.0,0.0,1.0
505,1,0,"Maioni, Miss. Roberta",-1.0268355210026217,0,0,110152,1.093228788100527,B79,0.0,0.0,1.0
506,0,0,"Penasco y Castellana, Mr. Victor de Satode",-0.8731358343600393,1,0,PC 17758,1.5442457810799908,C65,1.0,0.0,0.0
507,1,1,"Quick, Mrs. Frederick Charles (Jane Richards)",0.27961181545932834,0,2,26360,-0.12491978668775715,,0.0,0.0,1.0
508,1,0,"Bradley, Mr. George (""George Arthur Brayton"")",-0.10463740114712752,0,0,111427,-0.11384570873513637,,1.0,0.0,1.0
509,0,2,"Olsen, Mr. Henry Margido",-0.10463740114712752,0,0,C 4001,-0.1948878246611338,,1.0,0.0,1.0
510,1,2,"Lang, Mr. Fang",-0.2583370877897099,0,0,1601,0.48910360681684706,,1.0,0.0,1.0
511,1,2,"Daly, Mr. Eugene Patrick",-0.027787557825836348,0,0,382651,-0.49237782784290063,,1.0,1.0,0.0
512,0,2,"Webber, Mr. James",-0.10463740114712752,0,0,SOTON/OQ 3101316,-0.4863374216869257,,1.0,0.0,1.0
513,1,0,"McGough, Mr. James Robert",0.5101613454232019,0,0,PC 17473,-0.11913106412161445,E25,1.0,0.0,1.0
514,1,0,"Rothschild, Mrs. Martin (Elizabeth L. Barrett)",1.893458525206443,1,0,PC 17603,0.5475787653441219,,0.0,0.0,0.0
515,0,2,"Coleff, Mr. Satio",-0.41203677443229225,0,0,349209,-0.4974960653257301,,1.0,0.0,1.0
516,0,0,"Walker, Mr. William Anderson",1.3555096219574048,0,0,36967,0.036576512298389464,D46,1.0,0.0,1.0
517,1,1,"Lemore, Mrs. (Amelia Milley)",0.35646165878061953,0,0,C.A. 34260,-0.43700743807979686,F33,0.0,0.0,1.0
518,0,2,"Ryan, Mr. Patrick",-0.10463740114712752,0,0,371110,-0.1621689579829361,,1.0,1.0,0.0
519,1,1,"Angle, Mrs. William A (Florence ""Mary"" Agnes Hughes)",0.5101613454232019,1,0,226875,-0.12491978668775715,,0.0,0.0,1.0
520,0,2,"Pavlovic, Mr. Stefo",0.20276197213803718,0,0,349242,-0.4894421904510968,,1.0,0.0,1.0
521,1,0,"Perreault, Miss. Anne",0.04906228549545483,0,0,12749,1.2341715984066093,B73,0.0,0.0,1.0
522,0,2,"Vovk, Mr. Janko",-0.5657364610748746,0,0,349252,-0.4894421904510968,,1.0,0.0,1.0
523,0,2,"Lahoud, Mr. Sarkis",-0.10463740114712752,0,0,2624,-0.5029485386158568,,1.0,0.0,0.0
524,1,0,"Hippach, Mrs. Louis Albert (Ida Sophia Fischer)",1.1249600919935314,0,1,111361,0.5189714017894245,B18,0.0,0.0,0.0
525,0,2,"Kassem, Mr. Fared",-0.10463740114712752,0,0,2700,-0.5028639729296732,,1.0,0.0,0.0
526,0,2,"Farrell, Mr. James",0.8559856403690123,0,0,367232,-0.49237782784290063,,1.0,1.0,0.0
527,1,1,"Ridsdale, Miss. Lucy",1.5860591519212783,0,0,W./C. 14258,-0.43700743807979686,,0.0,0.0,1.0
528,0,0,"Farthing, Mr. John",-0.10463740114712752,0,0,PC 17483,3.817033162951754,C95,1.0,0.0,1.0
529,0,2,"Salonen, Mr. Johan Werner",0.7407108753870755,0,0,3101296,-0.4888542575852486,,1.0,0.0,1.0
530,0,1,"Hocking, Mr. Richard George",-0.48888661775358344,2,1,29104,-0.41687275089321363,,1.0,0.0,1.0
531,1,1,"Quick, Miss. Phyllis May",-2.1027333275006983,1,1,26360,-0.12491978668775715,,0.0,0.0,1.0
532,0,2,"Toufik, Mr. Nakli",-0.10463740114712752,0,0,2641,-0.5028639729296732,,1.0,0.0,0.0
533,0,2,"Elias, Mr. Joseph Jr",-0.9499856776813305,1,1,2690,-0.5028639729296732,,1.0,0.0,0.0
534,1,2,"Peter, Mrs. Catherine (Catherine Rizk)",-0.10463740114712752,0,2,2668,-0.19824427701513722,,0.0,0.0,0.0
535,0,2,"Cacic, Miss. Marija",0.04906228549545483,0,0,315084,-0.47400492578514347,,0.0,0.0,1.0
536,1,1,"Hart, Miss. Eva Miriam",-1.7184841108942424,0,2,F.C.C. 13529,-0.11988611489111134,,0.0,0.0,1.0
537,0,0,"Butt, Major. Archibald Willingham",1.2018099353148226,0,0,113050,-0.11384570873513637,B38,1.0,0.0,1.0
538,1,0,"LeRoy, Miss. Bertha",0.04906228549545483,0,0,PC 17761,1.4944124302931971,,0.0,0.0,0.0
539,0,2,"Risien, Mr. Samuel Beard",-0.10463740114712752,0,0,364498,-0.35646868933346404,,1.0,0.0,1.0
540,1,0,"Frolicher, Miss. Hedwig Margaritha",-0.5657364610748746,0,2,13568,0.3482453621969482,B39,0.0,0.0,0.0
541,1,0,"Crosby, Miss. Harriet R",0.5101613454232019,0,2,WE/P 5735,0.7811411367084872,B22,0.0,0.0,1.0
542,0,2,"Andersson, Miss. Ingeborg Constanzia",-1.56478442425166,4,2,347082,-0.01870931177853076,,0.0,0.0,1.0
543,0,2,"Andersson, Miss. Sigrid Elisabeth",-1.4110847376090776,4,2,347082,-0.01870931177853076,,0.0,0.0,1.0
544,1,1,"Beane, Mr. Edward",0.20276197213803718,1,0,2908,-0.12491978668775715,,1.0,0.0,1.0
545,0,0,"Douglas, Mr. Walter Donald",1.5860591519212783,1,0,PC 17761,1.4944124302931971,C86,1.0,0.0,0.0
546,0,0,"Nicholson, Mr. Arthur Ernest",2.661956958419355,0,0,693,-0.12491978668775715,,1.0,0.0,1.0
547,1,1,"Beane, Mrs. Edward (Ethel Clarke)",-0.7962859910387481,1,0,2908,-0.12491978668775715,,0.0,0.0,1.0
548,1,1,"Padro y Manent, Mr. Julian",-0.10463740114712752,0,0,SC/PARIS 2146,-0.3693045524149108,,1.0,0.0,0.0
549,0,2,"Goldsmith, Mr. Frank John",0.27961181545932834,1,1,363291,-0.2351571990343002,,1.0,0.0,1.0
550,1,1,"Davies, Master. John Morgan Jr",-1.6416342675729512,1,1,C.A. 33112,0.09152810056801232,,1.0,0.0,1.0
551,1,0,"Thayer, Mr. John Borland Jr",-0.9499856776813305,0,2,17421,1.5841789061771412,C70,1.0,0.0,0.0
552,0,1,"Sharp, Mr. Percival James R",-0.1814872444684187,0,0,244358,-0.12491978668775715,,1.0,0.0,1.0
553,0,2,"O'Brien, Mr. Timothy",-0.10463740114712752,0,0,330979,-0.49078316061772326,,1.0,1.0,0.0
554,1,2,"Leeni, Mr. Fahim (""Philip Zenni"")",-0.5657364610748746,0,0,2620,-0.5029485386158568,,1.0,0.0,0.0
555,1,2,"Ohman, Miss. Velin",-0.5657364610748746,0,0,347085,-0.4918744606632361,,0.0,0.0,1.0
556,0,0,"Wright, Mr. George",2.5082572717767726,0,0,113807,-0.11384570873513637,,1.0,0.0,1.0
557,1,0,"Duff Gordon, Lady. (Lucille Christiana Sutherland) (""Mrs Morgan"")",1.432359465278696,1,0,11755,0.1489119590497745,A16,0.0,0.0,0.0
558,0,0,"Robbins, Mr. Victor",-0.10463740114712752,0,0,PC 17757,3.9327230485884233,,1.0,0.0,0.0
559,1,0,"Taussig, Mrs. Emil (Tillie Mandelbaum)",0.7407108753870755,1,1,110413,0.955306180872432,E67,0.0,0.0,1.0
560,1,2,"de Messemaeker, Mrs. Guillaume Joseph (Emma)",0.5101613454232019,1,0,345572,-0.29807809649237277,,0.0,0.0,1.0
561,0,2,"Morrow, Mr. Thomas Rowan",-0.10463740114712752,0,0,372622,-0.49237782784290063,,1.0,1.0,0.0
562,0,2,"Sivic, Mr. Husein",0.8175607187083667,0,0,349251,-0.4894421904510968,,1.0,0.0,1.0
563,0,1,"Norman, Mr. Robert Douglas",-0.10463740114712752,0,0,218629,-0.3766033765200472,,1.0,0.0,1.0
564,0,2,"Simmons, Mr. John",-0.10463740114712752,0,0,SOTON/OQ 392082,-0.4863374216869257,,1.0,0.0,1.0
565,0,2,"Meanwell, Miss. (Marion Ogden)",-0.10463740114712752,0,0,SOTON/O.Q. 392087,-0.4863374216869257,,0.0,0.0,1.0
566,0,2,"Davies, Mr. Alfred J",-0.41203677443229225,2,0,A/4 48871,-0.1621689579829361,,1.0,0.0,1.0
567,0,2,"Stoytcheff, Mr. Ilia",-0.7962859910387481,0,0,349205,-0.4894421904510968,,1.0,0.0,1.0
568,0,2,"Palsson, Mrs. Nils (Alma Cornelia Berglund)",-0.027787557825836348,0,4,349909,-0.22408312108167944,,0.0,0.0,1.0
569,0,2,"Doharr, Mr. Tannous",-0.10463740114712752,0,0,2686,-0.5028639729296732,,1.0,0.0,0.0
570,1,2,"Jonsson, Mr. Carl",0.20276197213803718,0,0,350417,-0.4902797934380587,,1.0,0.0,1.0
571,1,1,"Harris, Mr. George",2.5082572717767726,0,0,S.W./PP 752,-0.43700743807979686,,1.0,0.0,1.0
572,1,0,"Appleton, Mrs. Edward Dale (Charlotte Lamson)",1.816608681885152,2,0,11769,0.38809593507663365,C101,0.0,0.0,1.0
573,1,0,"Flynn, Mr. John Irwin (""Irving"")",0.5101613454232019,0,0,PC 17474,-0.11711759540295616,E25,1.0,0.0,1.0
574,1,2,"Kelly, Miss. Mary",-0.10463740114712752,0,0,14312,-0.49237782784290063,,0.0,1.0,0.0
575,0,2,"Rush, Mr. Alfred George John",-1.0268355210026217,0,0,A/4. 20589,-0.4863374216869257,,1.0,0.0,1.0
576,0,2,"Patchett, Mr. George",-0.7962859910387481,0,0,358585,-0.35646868933346404,,1.0,0.0,1.0
577,1,1,"Garside, Miss. Ethel",0.35646165878061953,0,0,243880,-0.3866707201133388,,0.0,0.0,1.0
578,1,0,"Silvey, Mrs. William Baird (Alice Munger)",0.7407108753870755,1,0,13507,0.4771073601910807,E44,0.0,0.0,1.0
579,0,2,"Caram, Mrs. Joseph (Maria Elias)",-0.10463740114712752,1,0,2689,-0.3573083057891445,,0.0,0.0,0.0
580,1,2,"Jussila, Mr. Eiriik",0.20276197213803718,0,0,STON/O 2. 3101286,-0.4888542575852486,,1.0,0.0,1.0
581,1,1,"Christy, Miss. Julie Rachel",-0.33518693111100106,1,1,237789,-0.04438103794142432,,0.0,0.0,1.0
582,1,0,"Thayer, Mrs. John Borland (Marian Longstreth Morris)",0.7407108753870755,1,1,17421,1.5841789061771412,C68,0.0,0.0,0.0
583,0,1,"Downton, Mr. William James",1.893458525206443,0,0,28403,-0.12491978668775715,,1.0,0.0,1.0
584,0,0,"Ross, Mr. John Hugo",0.5101613454232019,0,0,13049,0.15948266982273065,A10,1.0,0.0,0.0
585,0,2,"Paulner, Mr. Uscher",-0.10463740114712752,0,0,3411,-0.47299819142581434,,1.0,0.0,0.0
586,1,0,"Taussig, Miss. Ruth",-0.8731358343600393,0,2,110413,0.955306180872432,E68,0.0,0.0,1.0
587,0,1,"Jarvis, Mr. John Denzil",1.3555096219574048,0,0,237565,-0.3464013457401724,,1.0,0.0,1.0
588,1,0,"Frolicher-Stehli, Mr. Maxmillian",2.3545575851341902,1,1,13567,0.9462455716384695,B41,1.0,0.0,0.0
589,0,2,"Gilinski, Mr. Eliezer",-0.5657364610748746,0,0,14973,-0.4863374216869257,,1.0,0.0,1.0
590,0,2,"Murdlin, Mr. Joseph",-0.10463740114712752,0,0,A./5. 3235,-0.4863374216869257,,1.0,0.0,1.0
591,0,2,"Rintamaki, Mr. Matti",0.4333115021019107,0,0,STON/O 2. 3101273,-0.5049620073345151,,1.0,0.0,1.0
592,1,0,"Stephenson, Mrs. Walter Bertram (Martha Eustis)",1.7397588385638607,1,0,36947,0.9274538680872313,D20,0.0,0.0,0.0
593,0,2,"Elsbury, Mr. William James",1.3555096219574048,0,0,A/5 3902,-0.5024451714361923,,1.0,0.0,1.0
594,0,2,"Bourke, Miss. Mary",-0.10463740114712752,0,2,364848,-0.49237782784290063,,0.0,1.0,0.0
595,0,1,"Chapman, Mr. John Henry",0.5870111887444931,1,0,SC/AH 29037,-0.12491978668775715,,1.0,0.0,1.0
596,0,2,"Van Impe, Mr. Jean Baptiste",0.5101613454232019,1,1,345773,-0.1621689579829361,,1.0,0.0,1.0
597,1,1,"Leitch, Miss. Jessie Wills",-0.10463740114712752,0,0,248727,0.016023023618325298,,0.0,0.0,1.0
598,0,2,"Johnson, Mr. Alfred",1.5092093085999871,0,0,LINE,-0.6484216535389205,,1.0,0.0,1.0
599,0,2,"Boulos, Mr. Hanna",-0.10463740114712752,0,0,2664,-0.5029485386158568,,1.0,0.0,0.0
600,1,0,"Duff Gordon, Sir. Cosmo Edmund (""Mr Morgan"")",1.5092093085999871,1,0,PC 17485,0.49782998024351216,A20,1.0,0.0,0.0
601,1,1,"Jacobsohn, Mrs. Sidney Samuel (Amy Frances Christy)",-0.41203677443229225,2,1,243847,-0.10478509950117394,,0.0,0.0,1.0
602,0,2,"Slabenoff, Mr. Petco",-0.10463740114712752,0,0,349214,-0.4894421904510968,,1.0,0.0,1.0
603,0,0,"Harrington, Mr. Charles H",-0.10463740114712752,0,0,113796,0.2052890831722074,,1.0,0.0,1.0
604,0,2,"Torber, Mr. Ernst William",1.1249600919935314,0,0,364511,-0.4863374216869257,,1.0,0.0,1.0
605,1,0,"Homer, Mr. Harry (""Mr E Haven"")",0.4333115021019107,0,0,111426,-0.11384570873513637,,1.0,0.0,0.0
606,0,2,"Lindell, Mr. Edvard Bengtsson",0.5101613454232019,1,0,349910,-0.3353272677875516,,1.0,0.0,1.0
607,0,2,"Karaic, Mr. Milan",0.04906228549545483,0,0,349246,-0.4894421904510968,,1.0,0.0,1.0
608,1,0,"Daniel, Mr. Robert Williams",-0.1814872444684187,0,0,113804,-0.034313694348132716,,1.0,0.0,1.0
609,1,1,"Laroche, Mrs. Joseph (Juliette Marie Louise Lafargue)",-0.5657364610748746,1,2,SC/Paris 2123,0.18876253192945994,,0.0,0.0,0.0
610,1,0,"Shutes, Miss. Elizabeth W",0.8175607187083667,0,0,PC 17582,2.441497778832105,C125,0.0,0.0,1.0
611,0,2,"Andersson, Mrs. Anders Johan (Alfrida Konstantia Brogren)",0.7407108753870755,1,5,347082,-0.01870931177853076,,0.0,0.0,1.0
612,0,2,"Jardin, Mr. Jose Neto",-0.10463740114712752,0,0,SOTON/O.Q. 3101305,-0.5064721088735089,,1.0,0.0,1.0
613,1,2,"Murphy, Miss. Margaret Jane",-0.10463740114712752,1,0,367230,-0.3363340021468808,,0.0,1.0,0.0
614,0,2,"Horgan, Mr. John",-0.10463740114712752,0,0,370377,-0.49237782784290063,,1.0,1.0,0.0
615,0,2,"Brocklebank, Mr. William Alfred",0.4333115021019107,0,0,364512,-0.4863374216869257,,1.0,0.0,1.0
616,1,1,"Herman, Miss. Alice",-0.41203677443229225,1,2,220845,0.6603330135889879,,0.0,0.0,1.0
617,0,2,"Danbom, Mr. Ernst Gilbert",0.35646165878061953,1,1,347080,-0.35848215805212236,,1.0,0.0,1.0
618,0,2,"Lobb, Mrs. William Arthur (Cordelia K Stanlick)",-0.2583370877897099,1,0,A/5. 3336,-0.32425318983493084,,0.0,0.0,1.0
619,1,1,"Becker, Miss. Marion Louise",-1.949033640858116,2,1,230136,0.13683114673782454,F4,0.0,0.0,1.0
620,0,1,"Gavey, Mr. Lawrence",-0.2583370877897099,0,0,31028,-0.43700743807979686,,1.0,0.0,1.0
621,0,2,"Yasbeck, Mr. Antoni",-0.1814872444684187,1,0,2659,-0.3573908580066095,,1.0,0.0,0.0
622,1,0,"Kimball, Mr. Edwin Nelson Jr",0.9712604053509489,1,0,11753,0.40974072380221066,D19,1.0,0.0,1.0
623,1,2,"Nakid, Mr. Sahid",-0.719436147717457,1,1,2653,-0.33146744825388363,,1.0,0.0,0.0
624,0,2,"Hansen, Mr. Henry Damsgaard",-0.6425863043961658,0,0,350029,-0.4902797934380587,,1.0,0.0,1.0
625,0,2,"Bowen, Mr. David John ""Dai""",-0.6425863043961658,0,0,54636,-0.32425318983493084,,1.0,0.0,1.0
626,0,0,"Sutton, Mr. Frederick",2.4314074284554814,0,0,36963,0.002347544081197954,D50,1.0,0.0,1.0
627,0,1,"Kirkland, Rev. Charles Leonard",2.1240080551703167,0,0,219533,-0.3997582667846179,,1.0,1.0,0.0
628,1,0,"Longley, Miss. Gretchen Fiske",-0.6425863043961658,0,0,13502,0.921244330558889,D9,0.0,0.0,1.0
629,0,2,"Bostandyeff, Mr. Guentcho",-0.2583370877897099,0,0,349224,-0.4894421904510968,,1.0,0.0,1.0
630,0,2,"O'Connell, Mr. Patrick D",-0.10463740114712752,0,0,334912,-0.49271407711891657,,1.0,1.0,0.0
631,1,0,"Barkworth, Mr. Algernon Henry Wilson",3.8915544515600136,0,0,27042,-0.04438103794142432,A23,1.0,0.0,1.0
632,0,2,"Lundahl, Mr. Johan Svensson",1.6629089952425695,0,0,347743,-0.5063875431873253,,1.0,0.0,1.0
633,1,0,"Stahelin-Maeglin, Dr. Max",0.20276197213803718,0,0,13214,-0.034313694348132716,B50,1.0,0.0,0.0
634,0,0,"Parr, Mr. William Henry Marsh",-0.10463740114712752,0,0,112052,-0.6484216535389205,,1.0,0.0,1.0
635,0,2,"Skoog, Miss. Mabel",-1.56478442425166,3,2,347088,-0.08666388103324908,,0.0,0.0,1.0
636,1,1,"Davis, Miss. Mary",-0.10463740114712752,0,0,237668,-0.3866707201133388,,0.0,0.0,1.0
637,0,2,"Leinonen, Mr. Antti Gustaf",0.20276197213803718,0,0,STON/O 2. 3101292,-0.4888542575852486,,1.0,0.0,1.0
638,0,1,"Collyer, Mr. Harvey",0.12591212881674602,1,1,C.A. 31921,-0.11988611489111134,,1.0,0.0,1.0
639,0,2,"Panula, Mrs. Juha (Maria Emilia Ojala)",0.8944105620296577,0,5,3101295,0.1506737441786005,,0.0,0.0,1.0
640,0,2,"Thorneycroft, Mr. Percival",-0.10463740114712752,1,0,376564,-0.32425318983493084,,1.0,0.0,1.0
641,0,2,"Jensen, Mr. Hans Peder",-0.719436147717457,0,0,350050,-0.4902797934380587,,1.0,0.0,1.0
642,1,0,"Sagesser, Mlle. Emma",-0.41203677443229225,0,0,PC 17477,0.7469121684912956,B35,0.0,0.0,0.0
643,0,2,"Skoog, Miss. Margit Elizabeth",-2.1027333275006983,3,2,347088,-0.08666388103324908,,0.0,0.0,1.0
644,1,2,"Foo, Mr. Choong",-0.10463740114712752,0,0,1601,0.48910360681684706,,1.0,0.0,1.0
645,1,2,"Baclini, Miss. Eugenie",-2.1987956316523123,2,1,2666,-0.26066180729354516,,0.0,0.0,0.0
646,1,0,"Harper, Mr. Henry Sleeper",1.432359465278696,1,0,PC 17572,0.8964967865378598,D33,1.0,0.0,0.0
647,0,2,"Cor, Mr. Liudevit",-0.7962859910387481,0,0,349231,-0.4894421904510968,,1.0,0.0,1.0
648,1,0,"Simonius-Blumer, Col. Oberst Alfons",2.0471582118490255,0,0,13213,0.06635974158478332,A26,1.0,0.0,0.0
649,0,2,"Willey, Mr. Edward",-0.10463740114712752,0,0,S.O./P.P. 751,-0.49640476528021726,,1.0,0.0,1.0
650,1,2,"Stanley, Miss. Amy Zillah Elsie",-0.48888661775358344,0,0,CA. 2314,-0.49640476528021726,,0.0,0.0,1.0
651,0,2,"Mitkoff, Mr. Mito",-0.10463740114712752,0,0,349221,-0.4894421904510968,,1.0,0.0,1.0
652,1,1,"Doling, Miss. Elsie",-0.8731358343600393,0,1,231919,-0.18532384824750675,,0.0,0.0,1.0
653,0,2,"Kalvik, Mr. Johannes Halvorsen",-0.6425863043961658,0,0,8475,-0.47861979608830835,,1.0,0.0,1.0
654,1,2,"O'Leary, Miss. Hanora ""Norah""",-0.10463740114712752,0,0,330919,-0.49078316061772326,,0.0,1.0,0.0
655,0,2,"Hegarty, Miss. Hanora ""Nora""",-0.8731358343600393,0,0,365226,-0.5125125150294839,,0.0,1.0,0.0
656,0,1,"Hickman, Mr. Leonard Mark",-0.41203677443229225,2,0,S.O.C. 14879,0.8314778546749452,,1.0,0.0,1.0
657,0,2,"Radeff, Mr. Alexander",-0.10463740114712752,0,0,349223,-0.4894421904510968,,1.0,0.0,1.0
658,0,2,"Bourke, Mrs. John (Catherine)",0.20276197213803718,1,1,364849,-0.3363340021468808,,0.0,1.0,0.0
659,0,1,"Eitemiller, Mr. George Floyd",-0.48888661775358344,0,0,29751,-0.3866707201133388,,1.0,0.0,1.0
660,0,0,"Newell, Mr. Arthur Webster",2.200857898491608,0,2,35273,1.6323350375212924,D48,1.0,0.0,0.0
661,1,0,"Frauenthal, Dr. Henry William",1.5860591519212783,2,0,PC 17611,2.042579288947925,,1.0,0.0,1.0
662,0,2,"Badt, Mr. Mohamed",0.8175607187083667,0,0,2623,-0.5029485386158568,,1.0,0.0,0.0
663,0,0,"Colley, Mr. Edward Pomeroy",1.3555096219574048,0,0,5727,-0.13322534515222276,E58,1.0,0.0,1.0
664,0,2,"Coleff, Mr. Peju",0.5101613454232019,0,0,349210,-0.4974960653257301,,1.0,0.0,1.0
665,1,2,"Lindqvist, Mr. Eino William",-0.719436147717457,1,0,STON/O 2. 3101285,-0.4888542575852486,,1.0,0.0,1.0
666,0,1,"Hickman, Mr. Lewis",0.20276197213803718,2,0,S.O.C. 14879,0.8314778546749452,,1.0,0.0,1.0
667,0,1,"Butler, Mr. Reginald Fenton",-0.33518693111100106,0,0,234686,-0.3866707201133388,,1.0,0.0,1.0
668,0,2,"Rommetvedt, Mr. Knud Paust",-0.10463740114712752,0,0,312993,-0.4918744606632361,,1.0,0.0,1.0
669,0,2,"Cook, Mr. Jacob",1.0481102486722402,0,0,A/5 3536,-0.4863374216869257,,1.0,0.0,1.0
670,1,0,"Taylor, Mrs. Elmer Zebley (Juliet Cummins Wright)",-0.10463740114712752,1,0,19996,0.39858208016340624,C126,0.0,0.0,1.0
671,1,1,"Brown, Mrs. Thomas William Solomon (Elizabeth Catherine Ford)",0.8175607187083667,1,1,29750,0.13683114673782454,,0.0,0.0,1.0
672,0,0,"Davidson, Mr. Thornton",0.12591212881674602,1,0,F.C. 12750,0.39858208016340624,B71,1.0,0.0,1.0
673,0,1,"Mitchell, Mr. Henry Michael",3.123056018347102,0,0,C.A. 24580,-0.43700743807979686,,1.0,0.0,1.0
674,1,1,"Wilhelms, Mr. Charles",0.12591212881674602,0,0,244270,-0.3866707201133388,,1.0,0.0,1.0
675,0,1,"Watson, Mr. Ennis Hastings",-0.10463740114712752,0,0,239856,-0.6484216535389205,,1.0,0.0,1.0
676,0,2,"Edvardsson, Mr. Gustaf Hjalmar",-0.8731358343600393,0,0,349912,-0.4918744606632361,,1.0,0.0,1.0
677,0,2,"Sawyer, Mr. Frederick Charles",-0.37361185277164666,0,0,342826,-0.4863374216869257,,1.0,0.0,1.0
678,1,2,"Turja, Miss. Anna Sofia",-0.8731358343600393,0,0,4138,-0.45026210265472455,,0.0,0.0,1.0
679,0,2,"Goodwin, Mrs. Frederick (Augusta Tyler)",1.0481102486722402,1,6,CA 2144,0.2958951755118318,,0.0,0.0,1.0
680,1,0,"Cardeza, Mr. Thomas Drake Martinez",0.5101613454232019,0,1,PC 17755,9.667166525013505,B51 B53 B55,1.0,0.0,0.0
681,0,2,"Peters, Miss. Katie",-0.10463740114712752,0,0,330935,-0.48457563655809965,,0.0,1.0,0.0
682,1,0,"Hassab, Mr. Hammad",-0.1814872444684187,0,0,PC 17572,0.8964967865378598,D49,1.0,0.0,0.0
683,0,2,"Olsvigen, Mr. Thor Anderson",-0.719436147717457,0,0,6563,-0.4626791642426904,,1.0,0.0,1.0
684,0,2,"Goodwin, Mr. Charles Edward",-1.180535207645204,5,2,CA 2144,0.2958951755118318,,1.0,0.0,1.0
685,0,1,"Brown, Mr. Thomas William Solomon",2.3545575851341902,1,1,29750,0.13683114673782454,,1.0,0.0,1.0
686,0,1,"Laroche, Mr. Joseph Philippe Lemercier",-0.33518693111100106,1,2,SC/Paris 2123,0.18876253192945994,,1.0,0.0,0.0
687,0,2,"Panula, Mr. Jaako Arnold",-1.180535207645204,4,1,3101295,0.1506737441786005,,1.0,0.0,1.0
688,0,2,"Dakic, Mr. Branko",-0.7962859910387481,0,0,349228,-0.44363577710162005,,1.0,0.0,1.0
689,0,2,"Fischer, Mr. Eberhard Thelander",-0.8731358343600393,0,0,350036,-0.49145565916975514,,1.0,0.0,1.0
690,1,0,"Madill, Miss. Georgette Alexandra",-1.1036853643239128,0,1,24160,3.6067927997556075,B5,0.0,0.0,1.0
691,1,0,"Dick, Mr. Albert Adrian",0.12591212881674602,1,0,17474,0.49925551609632224,B20,1.0,0.0,1.0
692,1,2,"Karun, Miss. Manca",-1.949033640858116,0,1,349256,-0.37828059596268965,,0.0,0.0,0.0
693,1,2,"Lam, Mr. Ali",-0.10463740114712752,0,0,1601,0.48910360681684706,,1.0,0.0,1.0
694,0,2,"Saad, Mr. Khalil",-0.33518693111100106,0,0,2672,-0.5029485386158568,,1.0,0.0,0.0
695,0,0,"Weir, Col. John",2.3545575851341902,0,0,113800,-0.11384570873513637,,1.0,0.0,1.0
696,0,1,"Chapman, Mr. Charles Henry",1.7397588385638607,0,0,248731,-0.3766033765200472,,1.0,0.0,1.0
697,0,2,"Kelly, Mr. James",1.1249600919935314,0,0,363592,-0.4863374216869257,,1.0,0.0,1.0
698,1,2,"Mullens, Miss. Katherine ""Katie""",-0.10463740114712752,0,0,35852,-0.49271407711891657,,0.0,1.0,0.0
699,0,0,"Thayer, Mr. John Borland",1.5092093085999871,1,1,17421,1.5841789061771412,C68,1.0,0.0,0.0
700,0,2,"Humblen, Mr. Adolf Mathias Nicolai Olsen",0.9712604053509489,0,0,348121,-0.494391296561559,F G63,1.0,0.0,1.0
701,1,0,"Astor, Mrs. John Jacob (Madeleine Talmadge Force)",-0.8731358343600393,1,0,PC 17757,3.9327230485884233,C62 C64,0.0,0.0,0.0
702,1,0,"Silverthorne, Mr. Spencer Victor",0.4333115021019107,0,0,PC 17475,-0.11913106412161445,E24,1.0,0.0,1.0
703,0,2,"Barbara, Miss. Saiide",-0.8731358343600393,0,1,2691,-0.3573908580066095,,0.0,0.0,0.0
704,0,2,"Gallagher, Mr. Martin",-0.33518693111100106,0,0,36864,-0.4925449457465493,,1.0,1.0,0.0
705,0,2,"Hansen, Mr. Henrik Juul",-0.2583370877897099,1,0,350025,-0.4902797934380587,,1.0,0.0,1.0
706,0,1,"Morley, Mr. Henry Samuel (""Mr Henry Marshall"")",0.7407108753870755,0,0,250655,-0.12491978668775715,,1.0,0.0,1.0
707,1,1,"Kelly, Mrs. Florence ""Fannie""",1.2018099353148226,0,0,223596,-0.3766033765200472,,0.0,0.0,1.0
708,1,0,"Calderhead, Mr. Edward Pennington",0.9712604053509489,0,0,PC 17476,-0.11913106412161445,E24,1.0,0.0,1.0
709,1,0,"Cleaver, Miss. Alice",-0.5657364610748746,0,0,113781,2.4029901895877646,,0.0,0.0,1.0
710,1,2,"Moubarek, Master. Halim Gonios (""William George"")",-0.10463740114712752,1,1,2661,-0.3414522396297103,,1.0,0.0,0.0
711,1,0,"Mayne, Mlle. Berthe Antonine (""Mrs de Villiers"")",-0.41203677443229225,0,0,PC 17482,0.3483299278831318,C90,0.0,0.0,0.0
712,0,0,"Klaber, Mr. Herman",-0.10463740114712752,0,0,113028,-0.11384570873513637,C124,1.0,0.0,1.0
713,1,0,"Taylor, Mr. Elmer Zebley",1.432359465278696,1,0,19996,0.39858208016340624,C126,1.0,0.0,1.0
714,0,2,"Larsson, Mr. August Viktor",-0.027787557825836348,0,0,7545,-0.457478374542396,,1.0,0.0,1.0
715,0,1,"Greenberg, Mr. Samuel",1.7397588385638607,0,0,250647,-0.3866707201133388,,1.0,0.0,1.0
716,0,2,"Soholt, Mr. Peter Andreas Lauritz Andersen",-0.7962859910387481,0,0,348124,-0.494391296561559,F G73,1.0,0.0,1.0
717,1,0,"Endres, Miss. Caroline Louise",0.6638610320657843,0,0,PC 17757,3.9327230485884233,C45,0.0,0.0,0.0
718,1,1,"Troutt, Miss. Edwina Celia ""Winnie""",-0.1814872444684187,0,0,34218,-0.43700743807979686,E101,0.0,0.0,1.0
719,0,2,"McEvoy, Mr. Michael",-0.10463740114712752,0,0,36568,-0.3363340021468808,,1.0,1.0,0.0
720,0,2,"Johnson, Mr. Malkolm Joackim",0.27961181545932834,0,0,347062,-0.4918744606632361,,1.0,0.0,1.0
721,1,1,"Harper, Miss. Annie Jessie ""Nina""",-1.7953339542155335,0,1,248727,0.016023023618325298,,0.0,0.0,1.0
722,0,2,"Jensen, Mr. Svend Lauritz",-0.9499856776813305,1,0,350048,-0.5063875431873253,,1.0,0.0,1.0
723,0,1,"Gillespie, Mr. William Henry",0.35646165878061953,0,0,12233,-0.3866707201133388,,1.0,0.0,1.0
724,0,1,"Hodges, Mr. Henry Price",1.5860591519212783,0,0,250643,-0.3866707201133388,,1.0,0.0,1.0
725,1,0,"Chambers, Mr. Norman Campbell",-0.1814872444684187,1,0,113806,0.4207302360686478,E8,1.0,0.0,1.0
726,0,2,"Oreskovic, Mr. Luka",-0.719436147717457,0,0,315094,-0.47400492578514347,,1.0,0.0,1.0
727,1,1,"Renouf, Mrs. Peter Henry (Lillian Jefferys)",0.04906228549545483,3,0,31027,-0.22559322262067316,,0.0,0.0,1.0
728,1,2,"Mannion, Miss. Margareth",-0.10463740114712752,0,0,36866,-0.4926295114327329,,0.0,1.0,0.0
729,0,1,"Bryhl, Mr. Kurt Arnold Gottfrid",-0.33518693111100106,1,0,236853,-0.12491978668775715,,1.0,0.0,1.0
730,0,2,"Ilmakangas, Miss. Pieta Sofia",-0.33518693111100106,1,0,STON/O2. 3101271,-0.4888542575852486,,0.0,0.0,1.0
731,1,0,"Allen, Miss. Elisabeth Walton",-0.027787557825836348,0,0,24160,3.6067927997556075,B5,0.0,0.0,1.0
732,0,2,"Hassan, Mr. Houssein G N",-1.4110847376090776,0,0,2699,-0.2701412180209885,,1.0,0.0,0.0
733,0,1,"Knight, Mr. Robert J",-0.10463740114712752,0,0,239855,-0.6484216535389205,,1.0,0.0,1.0
734,0,1,"Berriman, Mr. William John",-0.48888661775358344,0,0,28425,-0.3866707201133388,,1.0,0.0,1.0
735,0,1,"Troupiansky, Mr. Moses Aaron",-0.48888661775358344,0,0,233639,-0.3866707201133388,,1.0,0.0,1.0
736,0,2,"Williams, Mr. Leslie",-0.06621247948648194,0,0,54636,-0.32425318983493084,,1.0,0.0,1.0
737,0,2,"Ford, Mrs. Edward (Margaret Ann Watson)",1.432359465278696,1,3,W./C. 6608,0.04370821849987721,,0.0,0.0,1.0
738,1,0,"Lesurer, Mr. Gustave J",0.4333115021019107,0,0,PC 17755,9.667166525013505,B101,1.0,0.0,0.0
739,0,2,"Ivanoff, Mr. Kanio",-0.10463740114712752,0,0,349201,-0.4894421904510968,,1.0,0.0,1.0
740,0,2,"Nankoff, Mr. Minko",-0.10463740114712752,0,0,349218,-0.4894421904510968,,1.0,0.0,1.0
741,1,0,"Hawksford, Mr. Walter James",-0.10463740114712752,0,0,16988,-0.04438103794142432,D45,1.0,0.0,1.0
742,0,0,"Cavendish, Mr. Tyrell William",0.5101613454232019,1,0,19877,0.9391984311231651,C46,1.0,0.0,1.0
743,1,0,"Ryerson, Miss. Susan Parker ""Suzette""",-0.6425863043961658,2,2,PC 17608,4.634416897040849,B57 B59 B63 B66,0.0,0.0,0.0
744,0,2,"McNamee, Mr. Neal",-0.41203677443229225,1,0,376566,-0.32425318983493084,,1.0,0.0,1.0
745,1,2,"Stranden, Mr. Juho",0.12591212881674602,0,0,STON/O 2. 3101288,-0.4888542575852486,,1.0,0.0,1.0
746,0,0,"Crosby, Capt. Edward Gifford",3.123056018347102,1,1,WE/P 5735,0.7811411367084872,B22,1.0,0.0,1.0
747,0,2,"Abbott, Mr. Rossmore Edward",-1.0268355210026217,1,1,C.A. 2673,-0.24069423801061057,,1.0,0.0,1.0
748,1,1,"Sinkkonen, Miss. Anna",0.04906228549545483,0,0,250648,-0.3866707201133388,,0.0,0.0,1.0
749,0,0,"Marvin, Mr. Daniel Warner",-0.7962859910387481,1,0,113773,0.4207302360686478,D30,1.0,0.0,1.0
750,0,2,"Connaghton, Mr. Michael",0.12591212881674602,0,0,335097,-0.49237782784290063,,1.0,1.0,0.0
751,1,1,"Wells, Miss. Joan",-1.949033640858116,1,1,29103,-0.18532384824750675,,0.0,0.0,1.0
752,1,2,"Moor, Master. Meier",-1.7953339542155335,0,1,392096,-0.397241430886295,E121,1.0,0.0,1.0
753,0,2,"Vande Velde, Mr. Johannes Joseph",0.27961181545932834,0,0,345780,-0.45714212526638004,,1.0,0.0,1.0
754,0,2,"Jonkoff, Mr. Lalio",-0.48888661775358344,0,0,349204,-0.4894421904510968,,1.0,0.0,1.0
755,1,1,"Herman, Mrs. Samuel (Jane Laver)",1.432359465278696,1,2,220845,0.6603330135889879,,0.0,0.0,1.0
756,1,1,"Hamalainen, Master. Viljo",-2.204943619118015,1,1,250649,-0.35646868933346404,,1.0,0.0,1.0
757,0,2,"Carlsson, Mr. August Sigfrid",-0.10463740114712752,0,0,350042,-0.49145565916975514,,1.0,0.0,1.0
758,0,1,"Bailey, Mr. Percy Andrew",-0.8731358343600393,0,0,29108,-0.41687275089321363,,1.0,0.0,1.0
759,0,2,"Theobald, Mr. Thomas Leonard",0.35646165878061953,0,0,363294,-0.4863374216869257,,1.0,0.0,1.0
760,1,0,"Rothes, the Countess. of (Lucy Noel Martha Dyer-Edwards)",0.27961181545932834,0,0,110152,1.093228788100527,B77,0.0,0.0,1.0
761,0,2,"Garfirth, Mr. John",-0.10463740114712752,0,0,358585,-0.35646868933346404,,1.0,0.0,1.0
762,0,2,"Nirva, Mr. Iisakki Antino Aijo",0.8944105620296577,0,0,SOTON/O2 3101272,-0.5049620073345151,,1.0,0.0,1.0
763,1,2,"Barah, Mr. Hanna Assi",-0.719436147717457,0,0,2663,-0.5028639729296732,,1.0,0.0,0.0
764,1,0,"Carter, Mrs. William Ernest (Lucile Polk)",0.5101613454232019,1,2,113760,1.7677408088510642,B96 B98,0.0,0.0,1.0
765,0,2,"Eklund, Mr. Hans Linus",-1.0268355210026217,0,0,347074,-0.4918744606632361,,1.0,0.0,1.0
766,1,0,"Hogeboom, Mrs. John C (Anna Andrews)",1.6629089952425695,1,0,13502,0.921244330558889,D11,0.0,0.0,1.0
767,0,0,"Brewe, Dr. Arthur Jackson",-0.10463740114712752,0,0,112379,0.1489119590497745,,1.0,0.0,0.0
768,0,2,"Mangan, Miss. Mary",0.08748720715610042,0,0,364850,-0.49237782784290063,,0.0,1.0,0.0
769,0,2,"Moran, Mr. Daniel J",-0.10463740114712752,1,0,371110,-0.1621689579829361,,1.0,1.0,0.0
770,0,2,"Gronnestad, Mr. Daniel Danielsen",0.20276197213803718,0,0,8471,-0.4800453319411184,,1.0,0.0,1.0
771,0,2,"Lievens, Mr. Rene Aime",-0.41203677443229225,0,0,345781,-0.45714212526638004,,1.0,0.0,1.0
772,0,2,"Jensen, Mr. Niels Peder",1.432359465278696,0,0,350047,-0.4902797934380587,,1.0,0.0,1.0
773,0,1,"Mack, Mrs. (Mary)",2.1240080551703167,0,0,S.O./P.P. 3,-0.43700743807979686,E77,0.0,0.0,1.0
774,0,2,"Elias, Mr. Dibo",-0.10463740114712752,0,0,2674,-0.5029485386158568,,1.0,0.0,0.0
775,1,1,"Hocking, Mrs. Elizabeth (Eliza Needs)",1.893458525206443,1,3,29105,-0.18532384824750675,,0.0,0.0,1.0
776,0,2,"Myhrman, Mr. Pehr Fabian Oliver Malkolm",-0.8731358343600393,0,0,347078,-0.49237782784290063,,1.0,0.0,1.0
777,0,2,"Tobin, Mr. Roger",-0.10463740114712752,0,0,383121,-0.49237782784290063,F38,1.0,1.0,0.0
778,1,2,"Emanuel, Miss. Virginia Ethel",-1.8721837975368247,0,0,364516,-0.397241430886295,,0.0,0.0,1.0
779,0,2,"Kilgannon, Mr. Thomas J",-0.10463740114712752,0,0,36865,-0.4926295114327329,,1.0,1.0,0.0
780,1,0,"Robert, Mrs. Edward Scott (Elisabeth Walton McMillan)",1.0481102486722402,0,1,24160,3.6067927997556075,B3,0.0,0.0,1.0
781,1,2,"Ayoub, Miss. Banoura",-1.2573850509664952,0,0,2687,-0.5028639729296732,,0.0,0.0,0.0
782,1,0,"Dick, Mrs. Albert Adrian (Vera Gillespie)",-0.9499856776813305,1,0,17474,0.49925551609632224,B20,0.0,0.0,1.0
783,0,0,"Long, Mr. Milton Clyde",-0.027787557825836348,0,0,113501,-0.04438103794142432,D6,1.0,0.0,1.0
784,0,2,"Johnston, Mr. Andrew G",-0.10463740114712752,1,2,W./C. 6607,-0.17626323901354432,,1.0,0.0,1.0
785,0,2,"Ali, Mr. William",-0.33518693111100106,0,0,SOTON/O.Q. 3101312,-0.5064721088735089,,1.0,0.0,1.0
786,0,2,"Harmer, Mr. Abraham (David Lishin)",-0.33518693111100106,0,0,374887,-0.5024451714361923,,1.0,0.0,1.0
787,1,2,"Sjoblom, Miss. Anna Sofia",-0.8731358343600393,0,0,3101265,-0.4974960653257301,,0.0,0.0,1.0
788,0,2,"Rice, Master. George Hugh",-1.6416342675729512,4,1,382652,-0.06199888922968463,,1.0,1.0,0.0
789,1,2,"Dean, Master. Bertram Vere",-2.1795831708219895,1,2,C.A. 2315,-0.23415046467497105,,1.0,0.0,1.0
790,0,0,"Guggenheim, Mr. Benjamin",1.2786597786361138,0,0,PC 17593,0.9462455716384695,B82 B84,1.0,0.0,0.0
791,0,2,"Keane, Mr. Andrew ""Andy""",-0.10463740114712752,0,0,12460,-0.49237782784290063,,1.0,1.0,0.0
792,0,1,"Gaskell, Mr. Alfred",-1.0268355210026217,0,0,239865,-0.12491978668775715,,1.0,0.0,1.0
793,0,2,"Sage, Miss. Stella Anna",-0.10463740114712752,8,2,CA. 2343,0.7519458402879414,,0.0,0.0,1.0
794,0,0,"Hoyt, Mr. William Fisher",-0.10463740114712752,0,0,PC 17600,-0.030371322596999754,,1.0,0.0,0.0
795,0,2,"Dantcheff, Mr. Ristiu",-0.33518693111100106,0,0,349203,-0.4894421904510968,,1.0,0.0,1.0
796,0,1,"Otter, Mr. Richard",0.7407108753870755,0,0,28213,-0.3866707201133388,,1.0,0.0,1.0
797,1,0,"Leader, Dr. Alice (Farnham)",1.5092093085999871,0,0,17465,-0.1263453225405672,D17,0.0,0.0,1.0
798,1,2,"Osman, Mrs. Mara",0.12591212881674602,0,0,349244,-0.4735861242916626,,0.0,0.0,1.0
799,0,2,"Ibrahim Shawah, Mr. Yousseff",0.04906228549545483,0,0,2685,-0.5028639729296732,,1.0,0.0,0.0
800,0,2,"Van Impe, Mrs. Jean Baptiste (Rosalie Paula Govaert)",0.04906228549545483,1,1,345773,-0.1621689579829361,,0.0,0.0,1.0
801,0,1,"Ponesell, Mr. Martin",0.35646165878061953,0,0,250647,-0.3866707201133388,,1.0,0.0,1.0
802,1,1,"Collyer, Mrs. Harvey (Charlotte Annie Tate)",0.12591212881674602,1,1,C.A. 31921,-0.11988611489111134,,0.0,0.0,1.0
803,1,0,"Carter, Master. William Thornton II",-1.4110847376090776,1,2,113760,1.7677408088510642,B96 B98,1.0,0.0,1.0
804,1,2,"Thomas, Master. Assad Alexander",-2.224156079948338,0,1,2625,-0.47694056317694733,,1.0,0.0,0.0
805,1,2,"Hedman, Mr. Oskar Arvid",-0.1814872444684187,0,0,347089,-0.5079822104125026,,1.0,0.0,1.0
806,0,2,"Johansson, Mr. Karl Johan",0.12591212881674602,0,0,347063,-0.4918744606632361,,1.0,0.0,1.0
807,0,0,"Andrews, Mr. Thomas Jr",0.7407108753870755,0,0,112050,-0.6484216535389205,A36,1.0,0.0,1.0
808,0,2,"Pettersson, Miss. Ellen Natalia",-0.8731358343600393,0,0,347087,-0.4918744606632361,,0.0,0.0,1.0
809,0,1,"Meyer, Mr. August",0.7407108753870755,0,0,248723,-0.3866707201133388,,1.0,0.0,1.0
810,1,0,"Chambers, Mrs. Norman Campbell (Bertha Griggs)",0.27961181545932834,1,0,113806,0.4207302360686478,E8,0.0,0.0,1.0
811,0,2,"Alexander, Mr. William",-0.2583370877897099,0,0,3474,-0.4896093083547455,,1.0,0.0,1.0
812,0,2,"Lester, Mr. James",0.7407108753870755,0,0,A/4 48871,-0.1621689579829361,,1.0,0.0,1.0
813,0,1,"Slemen, Mr. Richard James",0.4333115021019107,0,0,28206,-0.43700743807979686,,1.0,0.0,1.0
814,0,2,"Andersson, Miss. Ebba Iris Alfrida",-1.7953339542155335,4,2,347082,-0.01870931177853076,,0.0,0.0,1.0
815,0,2,"Tomlin, Mr. Ernest Portage",0.08748720715610042,0,0,364499,-0.4863374216869257,,1.0,0.0,1.0
816,0,0,"Fry, Mr. Richard",-0.10463740114712752,0,0,112058,-0.6484216535389205,B102,1.0,0.0,1.0
817,0,2,"Heininen, Miss. Wendla Maria",-0.48888661775358344,0,0,STON/O2. 3101290,-0.4888542575852486,,0.0,0.0,1.0
818,0,1,"Mallet, Mr. Albert",0.12591212881674602,1,1,S.C./PARIS 2079,0.09664633805084172,,1.0,0.0,0.0
819,0,2,"Holm, Mr. John Fredrik Alexander",1.0481102486722402,0,0,C 7075,-0.5185529211854588,,1.0,0.0,1.0
820,0,2,"Skoog, Master. Karl Thorsten",-1.4879345809303688,3,2,347088,-0.08666388103324908,,1.0,0.0,1.0
821,1,0,"Hays, Mrs. Charles Melville (Clara Jennings Gregg)",1.7397588385638607,1,1,12749,1.2341715984066093,B69,0.0,0.0,1.0
822,1,2,"Lulic, Mr. Nikola",-0.1814872444684187,0,0,315098,-0.47400492578514347,,1.0,0.0,1.0
823,0,0,"Reuchlin, Jonkheer. John George",0.6638610320657843,0,0,19972,-0.6484216535389205,,1.0,0.0,1.0
824,1,2,"Moor, Mrs. (Beila)",-0.1814872444684187,0,1,392096,-0.397241430886295,E121,0.0,0.0,1.0
825,0,2,"Panula, Master. Urho Abraham",-2.1027333275006983,4,1,3101295,0.1506737441786005,,1.0,0.0,1.0
826,0,2,"Flynn, Mr. John",-0.10463740114712752,0,0,368323,-0.5084855775921673,,1.0,1.0,0.0
827,0,2,"Lam, Mr. Len",-0.10463740114712752,0,0,1601,0.48910360681684706,,1.0,0.0,1.0
828,1,1,"Mallet, Master. Andre",-2.1795831708219895,0,2,S.C./PARIS 2079,0.09664633805084172,,1.0,0.0,0.0
829,1,2,"McCormack, Mr. Thomas Joseph",-0.10463740114712752,0,0,367228,-0.49237782784290063,,1.0,1.0,0.0
830,1,0,"Stone, Mrs. George Nelson (Martha Evelyn)",2.5082572717767726,0,0,113572,0.962353321387736,B28,0.0,0.0,1.0
831,1,2,"Yasbeck, Mrs. Antoni (Selini Alexander)",-1.1036853643239128,1,0,2659,-0.3573908580066095,,0.0,0.0,0.0
832,1,1,"Richards, Master. George Sibley",-2.192647644186609,1,1,29106,-0.2708962687904854,,1.0,0.0,1.0
833,0,2,"Saad, Mr. Amin",-0.10463740114712752,0,0,2671,-0.5028639729296732,,1.0,0.0,0.0
834,0,2,"Augustsson, Mr. Albert",-0.48888661775358344,0,0,347468,-0.4902797934380587,,1.0,0.0,1.0
835,0,2,"Allum, Mr. Owen George",-0.8731358343600393,0,0,2223,-0.48130374989027985,,1.0,0.0,1.0
836,1,0,"Compton, Miss. Sara Rebecca",0.7407108753870755,1,1,PC 17756,1.0259447039291216,E49,0.0,0.0,0.0
837,0,2,"Pasic, Mr. Jakob",-0.6425863043961658,0,0,315097,-0.47400492578514347,,1.0,0.0,1.0
838,0,2,"Sirota, Mr. Maurice",-0.10463740114712752,0,0,392092,-0.4863374216869257,,1.0,0.0,1.0
839,1,2,"Chip, Mr. Chang",0.20276197213803718,0,0,1601,0.48910360681684706,,1.0,0.0,1.0
840,1,0,"Marechal, Mr. Pierre",-0.10463740114712752,0,0,11774,-0.05042144409739929,C47,1.0,0.0,0.0
841,0,2,"Alhomaki, Mr. Ilmari Rudolf",-0.719436147717457,0,0,SOTON/O2 3101287,-0.4888542575852486,,1.0,0.0,1.0
842,0,1,"Mudd, Mr. Thomas Charles",-1.0268355210026217,0,0,S.O./P.P. 3,-0.43700743807979686,,1.0,0.0,1.0
843,1,0,"Serepeca, Miss. Augusta",0.04906228549545483,0,0,113798,-0.024246350754841113,,0.0,0.0,0.0
844,0,2,"Lemberopolous, Mr. Peter L",0.3948865804412651,0,0,2683,-0.5188046047752911,,1.0,0.0,0.0
845,0,2,"Culumovic, Mr. Jeso",-0.9499856776813305,0,0,315090,-0.47400492578514347,,1.0,0.0,1.0
846,0,2,"Abbing, Mr. Anthony",0.9712604053509489,0,0,C.A. 5547,-0.49640476528021726,,1.0,0.0,1.0
847,0,2,"Sage, Mr. Douglas Bullen",-0.10463740114712752,8,2,CA. 2343,0.7519458402879414,,1.0,0.0,1.0
848,0,2,"Markoff, Mr. Marin",0.4333115021019107,0,0,349213,-0.4894421904510968,,1.0,0.0,0.0
849,0,1,"Harper, Rev. John",-0.10463740114712752,0,1,248727,0.016023023618325298,,1.0,0.0,1.0
850,1,0,"Goldenberg, Mrs. Samuel L (Edwiga Grabowska)",-0.10463740114712752,1,0,17453,1.145663540471827,C92,0.0,0.0,0.0
851,0,2,"Andersson, Master. Sigvard Harald Elias",-1.949033640858116,4,2,347082,-0.01870931177853076,,1.0,0.0,1.0
852,0,2,"Svensson, Mr. Johan",3.430455391632267,0,0,347060,-0.4918744606632361,,1.0,0.0,1.0
853,0,2,"Boulos, Miss. Nourelain",-1.56478442425166,1,1,2678,-0.3414522396297103,,0.0,0.0,0.0
854,1,0,"Lines, Miss. Mary Conover",-1.0268355210026217,0,1,PC 17592,0.14488502161245778,D28,0.0,0.0,1.0
855,0,1,"Carter, Mrs. Ernest Courtenay (Lilian Hughes)",1.1249600919935314,1,0,244252,-0.12491978668775715,,0.0,0.0,1.0
856,1,2,"Aks, Mrs. Sam (Leah Rosen)",-0.8731358343600393,0,1,392091,-0.4601623283443675,,0.0,0.0,1.0
857,1,0,"Wick, Mrs. George Dennick (Mary Hitchcock)",1.2018099353148226,1,1,36928,2.671117778445337,,0.0,0.0,1.0
858,1,0,"Daly, Mr. Peter Denis ",1.6629089952425695,0,0,113055,-0.11384570873513637,E17,1.0,0.0,1.0
859,1,2,"Baclini, Mrs. Solomon (Latifa Qurban)",-0.41203677443229225,0,3,2666,-0.26066180729354516,,0.0,0.0,0.0
860,0,2,"Razi, Mr. Raihed",-0.10463740114712752,0,0,2629,-0.5028639729296732,,1.0,0.0,0.0
861,0,2,"Hansen, Mr. Claus Peter",0.8944105620296577,2,0,350026,-0.36435544630444866,,1.0,0.0,1.0
862,0,1,"Giles, Mr. Frederick Edward",-0.6425863043961658,1,0,28134,-0.41687275089321363,,1.0,0.0,1.0
863,1,0,"Swift, Mrs. Frederick Joel (Margaret Welles Barron)",1.432359465278696,0,0,17466,-0.1263453225405672,D17,0.0,0.0,1.0
864,0,2,"Sage, Miss. Dorothy Edith ""Dolly""",-0.10463740114712752,8,2,CA. 2343,0.7519458402879414,,0.0,0.0,1.0
865,0,1,"Gill, Mr. John William",-0.41203677443229225,0,0,233866,-0.3866707201133388,,1.0,0.0,1.0
866,1,1,"Bystrom, Mrs. (Karolina)",0.9712604053509489,0,0,236852,-0.3866707201133388,,0.0,0.0,1.0
867,1,1,"Duran y More, Miss. Asuncion",-0.1814872444684187,1,0,SC/PARIS 2149,-0.3693891181010945,,0.0,0.0,0.0
868,0,0,"Roebling, Mr. Washington Augustus II",0.12591212881674602,0,0,PC 17590,0.3682954836973478,A24,1.0,0.0,1.0
869,0,2,"van Melkebeke, Mr. Philemon",-0.10463740114712752,0,0,345777,-0.45714212526638004,,1.0,0.0,1.0
870,1,2,"Johnson, Master. Harold Theodor",-1.949033640858116,1,1,347742,-0.4242561406845337,,1.0,0.0,1.0
871,0,2,"Balkic, Mr. Cerin",-0.2583370877897099,0,0,349248,-0.4894421904510968,,1.0,0.0,1.0
872,1,0,"Beckwith, Mrs. Richard Leonard (Sallie Monypeny)",1.3555096219574048,1,1,11751,0.40974072380221066,D35,0.0,0.0,1.0
873,0,0,"Carlsson, Mr. Frans Olof",0.27961181545932834,0,0,695,-0.5477482176060045,B51 B53 B55,1.0,0.0,1.0
874,0,2,"Vander Cruyssen, Mr. Victor",1.3555096219574048,0,0,345765,-0.46720946885967163,,1.0,0.0,1.0
875,1,1,"Abelson, Mrs. Samuel (Hannah Wizosky)",-0.10463740114712752,1,0,P/PP 3381,-0.16518916106092355,,0.0,0.0,0.0
876,1,2,"Najib, Miss. Adele Kiamie ""Jane""",-1.1036853643239128,0,0,2667,-0.5029485386158568,,0.0,0.0,0.0
877,0,2,"Gustafsson, Mr. Alfred Ossian",-0.719436147717457,0,0,7534,-0.45017955043725955,,1.0,0.0,1.0
878,0,2,"Petroff, Mr. Nedelio",-0.7962859910387481,0,0,349212,-0.4894421904510968,,1.0,0.0,1.0
879,0,2,"Laleff, Mr. Kristo",-0.10463740114712752,0,0,349217,-0.4894421904510968,,1.0,0.0,1.0
880,1,0,"Potter, Mrs. Thomas Jr (Lily Alexenia Wilson)",2.0471582118490255,0,1,11767,1.0259447039291216,C50,0.0,0.0,0.0
881,1,1,"Shelley, Mrs. William (Imanita Parrish Hall)",-0.33518693111100106,0,1,230433,-0.12491978668775715,,0.0,0.0,1.0
882,0,2,"Markun, Mr. Johann",0.27961181545932834,0,0,349257,-0.4894421904510968,,1.0,0.0,1.0
883,0,2,"Dahlberg, Miss. Gerda Ulrika",-0.5657364610748746,0,0,7552,-0.4366711888037809,,0.0,0.0,1.0
884,0,1,"Banfield, Mr. Frederick James",-0.10463740114712752,0,0,C.A./SOTON 34068,-0.43700743807979686,,1.0,0.0,1.0
885,0,2,"Sutehall, Mr. Henry Jr",-0.33518693111100106,0,0,SOTON/OQ 392076,-0.5064721088735089,,1.0,0.0,1.0
886,0,2,"Rice, Mrs. William (Margaret Norton)",0.7407108753870755,0,5,382652,-0.06199888922968463,,0.0,1.0,0.0
887,0,1,"Montvila, Rev. Juozas",-0.1814872444684187,0,0,211536,-0.3866707201133388,,1.0,0.0,1.0
888,1,0,"Graham, Miss. Margaret Edith",-0.7962859910387481,0,0,112053,-0.04438103794142432,B42,0.0,0.0,1.0
889,0,2,"Johnston, Miss. Catherine Helen ""Carrie""",-0.10463740114712752,1,2,W./C. 6607,-0.17626323901354432,,0.0,0.0,1.0
890,1,0,"Behr, Mr. Karl Howell",-0.2583370877897099,0,0,111369,-0.04438103794142432,C148,1.0,0.0,0.0
891,0,2,"Dooley, Mr. Patrick",0.20276197213803718,0,0,370376,-0.49237782784290063,,1.0,1.0,0.0
